epoch,train_loss,train_class_loss,train_reg_loss,train_consistency_loss,train_auxiliary_loss,selection_J,best_epoch,clean_accuracy,clean_macro_f1,clean_mae,clean_pearson,masked_accuracy,masked_macro_f1,masked_mae,masked_pearson,elapsed_seconds
1,3.0024219972571147,2.0559231162949057,0.7877357698066245,0.0,1.5876312583114331,0.7780436917400132,1,0.5782967032967034,0.44451738979724403,0.6346982717514038,0.6049197788643416,0.5667226292226293,0.4369362404284495,0.6559347874588437,0.5697187359346211,4.337227999996685
2,2.510381094731709,1.7236975251311581,0.6435443227987226,0.0,1.4313923923888507,0.7190389485142508,2,0.592032967032967,0.5038575287597223,0.6233073472976685,0.6231680895290439,0.5834859584859585,0.49119059635246526,0.6458159961082317,0.5827874515340541,7.338694099998975
3,2.3183784269268277,1.5968069648180865,0.5830998074499251,0.0,1.3847165048385754,0.6384354626238941,3,0.6277472527472527,0.5902505350701445,0.6217319965362549,0.6405965275542853,0.606659544159544,0.5683759685763846,0.6418762924494567,0.601042817845339,10.305347000001348
4,2.2064071228999276,1.5251172226553287,0.5453975002965801,0.0,1.3589239999015483,0.6238712215672132,4,0.625,0.6086880287212874,0.6108812689781189,0.6400677088825094,0.5931776556776556,0.577853488778068,0.6341062916649712,0.6006079404553729,13.320766099997854
5,2.0818148148779665,1.4413417531394115,0.5069662071643768,0.0,1.3350685294492606,0.6246298913475461,4,0.6332417582417582,0.6112410145227722,0.6212621927261353,0.6333978232670829,0.5995115995115995,0.5789736083612815,0.6395940074214229,0.5945443179391996,16.35809149999841
6,2.00828976438042,1.386705751447158,0.48919379415212744,0.0,1.3239023035510125,0.6340968285028218,4,0.6222527472527473,0.5906656805370746,0.6168102025985718,0.627878211749721,0.6028184778184779,0.5713455140659938,0.6354861358801523,0.5873486080421801,19.374229499997455
7,1.9054607594311677,1.3278804781159526,0.44706433234360504,0.0,1.3051594918185025,0.6294731580427787,4,0.6126373626373627,0.6058794925043004,0.6207420825958252,0.6189156910337756,0.583078958078958,0.5746464654969755,0.6407974936344005,0.5796230379464534,22.34255750000011
8,1.7664478155404373,1.224664408995582,0.41327925939140336,0.0,1.2850415236117738,0.655307772274588,4,0.6057692307692307,0.5777231155649897,0.637663722038269,0.6022331114256648,0.5821377696377695,0.5559912795085102,0.6543734691761158,0.5617708841677123,25.380326599995897
9,1.6625517347599867,1.1391176513965422,0.39635687755730786,0.0,1.2707721698266592,0.66819434385056,4,0.6236263736263736,0.5877691494558613,0.6923145651817322,0.5942043318260513,0.5984686609686611,0.5569691644840544,0.7006824965830203,0.559725218291752,28.359090999998443
10,1.5749680211512436,1.0781875347353749,0.3709072767744535,0.0,1.258732176283498,0.6698570966720472,4,0.6071428571428571,0.5719835683088401,0.6648730635643005,0.5878493242509747,0.581959706959707,0.5490397176646005,0.6769067534693965,0.5493583880294868,31.360020000000077
11,1.4468226932812158,0.9825740140035683,0.340144494500708,0.0,1.241041900377737,0.6605863019861887,4,0.5906593406593407,0.57977658262749,0.6484135389328003,0.5753564749979471,0.5657305657305658,0.5531614562715221,0.665468313075878,0.5370713367566345,34.363598199997796
12,1.3400376728251686,0.8873119195975331,0.3302937602698364,0.0,1.2243198606859076,0.6745861166773962,4,0.6043956043956044,0.5734556152056599,0.6652878522872925,0.5700035621104719,0.5748626373626374,0.5430998802597409,0.6793371052653702,0.5297009482133498,37.331435399995826
13,1.1957916856163204,0.7682866072619611,0.3068445769079655,0.0,1.2066050142532596,0.6751210380709332,4,0.5989010989010989,0.5740421496597842,0.6722007393836975,0.5632210280638079,0.5713522588522588,0.5453238150473986,0.6864308339578135,0.522529281407075,40.367067099999986
14,1.0598460776114147,0.6500673636772144,0.2908332185910271,0.0,1.1894549277113182,0.6805018274901425,4,0.5934065934065934,0.5658772275040217,0.6616520881652832,0.5730184624418259,0.5709452584452583,0.5388429927687618,0.6838628197157824,0.5361402778479618,43.38084749999689
15,1.0533205067637392,0.6299622417637456,0.3046971496145223,0.0,1.1866110262709268,0.6721535061268635,4,0.5741758241758241,0.5624803191265256,0.6436091065406799,0.5695845601304513,0.5515618640618641,0.5425768692793754,0.6642885826252125,0.5298855383744434,46.39110229999642
16,0.876783036597523,0.4889442278837596,0.2718599211221591,0.0,1.1597888370325709,0.6591438441025458,4,0.6071428571428571,0.5812638656526566,0.6372404098510742,0.599453077589008,0.5766432641432642,0.5513858066894075,0.6595831921807042,0.554847188582351,49.38862050000171
17,0.7984050637843507,0.4299415136274603,0.25404379713254405,0.0,1.1441975415191876,0.6645121015987849,4,0.6085164835164835,0.5771060293321392,0.6528151631355286,0.5900029152687233,0.5804588929588929,0.5512440962099912,0.6712816699787423,0.5507842576161317,52.42416289999528
18,0.7162301590103816,0.3660790821501714,0.2361298238625407,0.0,1.1402125086278734,0.6580879162328289,4,0.6002747252747253,0.5799979258240365,0.6332361698150635,0.5821127909724525,0.5678673178673179,0.5517796828470244,0.6566099160247378,0.540630673108526,55.41656089999742
19,0.6949233493590741,0.34524716593336113,0.23715445286263773,0.0,1.1252172814202064,0.6590111056966317,4,0.6016483516483516,0.5849551172087704,0.6477783918380737,0.5892263793436656,0.5751678876678876,0.5545741080525134,0.6687957335401464,0.5505322442210032,58.407111599997734
20,0.6597605281444994,0.3220584001298857,0.2258354427317632,0.0,1.1186668168462603,0.6771410888976634,4,0.5947802197802198,0.5639519683842529,0.6511176228523254,0.5837473922648415,0.5732855107855108,0.5404516445758677,0.6768320500850677,0.5414423479799754,61.4629946999994
21,0.6290277670251427,0.291522235784334,0.2261916172763385,0.0,1.113139075558737,0.6674751828176928,4,0.5934065934065934,0.568604032696292,0.6450207829475403,0.5866315737880053,0.5714540089540089,0.5481422654369583,0.6679246326287588,0.5461063099854434,64.4890602000014
22,0.5848857402538165,0.25970950931178977,0.2152260116519563,0.0,1.0995021899073043,0.6628225586499602,4,0.6085164835164835,0.5804505863666315,0.6571053266525269,0.5936162909714413,0.5800518925518925,0.5535887723697266,0.6734720291914763,0.5555133322105389,67.57728269999643
23,0.5860737350885927,0.2639792312029886,0.21251175751215579,0.0,1.095827472403053,0.667259897274158,4,0.6126373626373627,0.5773858886426394,0.6594266891479492,0.5757145759676211,0.5833078958078958,0.5488092581914945,0.6730443559311055,0.5411578077826579,70.65254189999541
24,0.5368154054098874,0.23067742027781235,0.1975585230583646,0.0,1.0857946261917193,0.6631250042330603,4,0.6057692307692307,0.5796729210799668,0.6504641771316528,0.5946717593896709,0.5820105820105819,0.5533229879240883,0.6753205094072554,0.5521622929256661,73.66436119999707
25,0.5314565072530149,0.22555298984314098,0.1979273635087554,0.0,1.079761564468249,0.6577341297812672,4,0.5934065934065934,0.5772714564227049,0.6478677988052368,0.5905305782518664,0.572039072039072,0.5578709393190981,0.6658648605699893,0.5529447724889787,76.69998089999717
26,0.5452905777847293,0.2385522651671266,0.19842853327947005,0.0,1.0830977923037903,0.6722184895360368,4,0.6085164835164835,0.5729885971703061,0.6616538763046265,0.5777817766420269,0.5787545787545788,0.5461552911141713,0.6797771365554245,0.5347938629543386,79.70064540000021
27,0.5308230151835176,0.23170584925890672,0.19184373602249133,0.0,1.07273428187279,0.6755542011798965,4,0.5961538461538461,0.5676556140900949,0.6666932702064514,0.5762389875675857,0.5789326414326414,0.5457282012657347,0.6848259325380679,0.5419165239417362,82.70846719999827
28,0.5171798435507537,0.22340778771167916,0.18706999993464732,0.0,1.067020534608782,0.6741122772955535,4,0.5989010989010989,0.5655268811772397,0.6615882515907288,0.5778070438707735,0.5818833943833945,0.5463157189620789,0.6803937300487801,0.5450158462498905,85.72860760000185
29,0.48459544996449805,0.19811947315009598,0.1807532031950438,0.0,1.0572277097884615,0.669879510452557,4,0.5989010989010989,0.5659955756325172,0.6465789079666138,0.5730130730687565,0.5778388278388279,0.5458657084784287,0.667584440222493,0.5336763768823746,88.74461009999504
30,0.49838388361179425,0.22168125745240977,0.1711432970544551,0.0,1.0555933011297975,0.6761271816172673,4,0.6043956043956044,0.5733599249409503,0.6762992143630981,0.57246441113818,0.5815781440781441,0.5478017095599392,0.6958407086354715,0.5323652181564502,91.74658610000188
