modalities,position,ratio,seeds,baseline_accuracy,augmented_accuracy,delta_accuracy,baseline_macro_f1,augmented_macro_f1,delta_macro_f1,baseline_mae,augmented_mae,delta_mae,baseline_pearson,augmented_pearson,delta_pearson
A,back,0.1,3,0.63003663003663,0.6231684981684982,-0.006868131868131844,0.604813268341463,0.6048384553886275,2.5187047164476617e-05,0.6103271245956421,0.5991183718045553,-0.011208752791086796,0.6305988772651,0.6231034210221997,-0.007495456242900267
A,back,0.3,3,0.63507326007326,0.6240842490842491,-0.01098901098901095,0.6092475877337051,0.604215067644088,-0.005032520089617076,0.6103930870691935,0.5993454655011495,-0.011047621568043953,0.6310613644635255,0.6235045785369114,-0.007556785926614018
A,back,0.5,3,0.6309523809523809,0.6245421245421245,-0.0064102564102563875,0.6044446793535675,0.6050890973052813,0.0006444179517137716,0.6102849642435709,0.5994562307993571,-0.010828733444213867,0.6301225943130196,0.6229809084145943,-0.007141685898425343
A,front,0.1,3,0.63003663003663,0.6213369963369964,-0.008699633699633669,0.6055610432956483,0.603258520422697,-0.002302522872951296,0.6105552315711975,0.6013759771982828,-0.00917925437291467,0.6309630614387364,0.6226985143515155,-0.008264547087220908
A,front,0.3,3,0.6282051282051282,0.6195054945054945,-0.008699633699633669,0.6036075430021886,0.6018186950343529,-0.0017888479678356273,0.6128336588541666,0.6050908962885538,-0.007742762565612793,0.6281569337311658,0.6191799272232538,-0.008977006507912
A,front,0.5,3,0.6259157509157509,0.6117216117216118,-0.014194139194139144,0.6032861983157776,0.5947089248703274,-0.008577273445450118,0.6134428779284159,0.6050697763760885,-0.0083731015523274,0.6281423530063511,0.6200728000481677,-0.008069552958183457
A,middle,0.1,3,0.6314102564102564,0.6231684981684982,-0.008241758241758212,0.6068283553754326,0.6051214454204579,-0.0017069099549746891,0.6078905065854391,0.5975406169891357,-0.010349889596303341,0.6336686069058352,0.6261141084477373,-0.007554498458097858
A,middle,0.3,3,0.6336996336996337,0.6222527472527473,-0.011446886446886406,0.6082490241349217,0.6038448805163281,-0.004404143618593537,0.6076147754987081,0.5967255036036173,-0.010889271895090813,0.6339200609960417,0.6267844596370539,-0.007135601358987831
A,middle,0.5,3,0.6286630036630036,0.6217948717948718,-0.006868131868131844,0.6037877818195858,0.6026966277578473,-0.0010911540617385418,0.6072593132654825,0.5968587398529053,-0.010400573412577274,0.6338385697103386,0.6263049296860331,-0.007533640024305455
AV,back,0.1,3,0.6291208791208791,0.6254578754578755,-0.00366300366300365,0.6035731862674549,0.606933914068391,0.003360727800936103,0.610649307568868,0.5990499258041382,-0.011599381764729855,0.6308203891620281,0.6231338776621153,-0.00768651149991284
AV,back,0.3,3,0.6314102564102564,0.6227106227106227,-0.008699633699633669,0.6053961393998033,0.6031998125134469,-0.0021963268863564034,0.6112510561943054,0.5992342233657837,-0.012016832828521729,0.6306000017632709,0.6228662730758203,-0.007733728687450592
AV,back,0.5,3,0.6323260073260073,0.6217948717948718,-0.010531135531135494,0.6062145442363215,0.6018711908635221,-0.004343353372799341,0.6098683873812357,0.598267654577891,-0.011600732803344727,0.6310727722040785,0.6235508926732245,-0.0075218795308540365
AV,front,0.1,3,0.6309523809523809,0.6240842490842491,-0.006868131868131844,0.6066607445728118,0.6058150018214828,-0.0008457427513289817,0.6105767885843912,0.6012502511342367,-0.009326537450154548,0.6309919937626114,0.6227946692653515,-0.00819732449725985
AV,front,0.3,3,0.6282051282051282,0.6208791208791209,-0.0073260073260073,0.6039737741097141,0.6031782804738263,-0.0007954936358878228,0.6140698194503784,0.6055871645609537,-0.008482654889424679,0.6269112603994176,0.6187934909706725,-0.008117769428745092
AV,front,0.5,3,0.6204212454212454,0.6130952380952381,-0.0073260073260073,0.5951714135715473,0.5953457282858536,0.00017431471430628953,0.6157487233479818,0.6066461404164633,-0.009102582931518555,0.6256802301883864,0.6183835176810206,-0.0072967125073657435
AV,middle,0.1,3,0.6318681318681318,0.6227106227106227,-0.009157509157509125,0.6074353767439401,0.6044846105942123,-0.0029507661497277793,0.6080044110616049,0.5974062283833822,-0.010598182678222656,0.6336241528654483,0.6260451626588525,-0.007578990206595804
AV,middle,0.3,3,0.6323260073260073,0.6204212454212454,-0.011904761904761862,0.6065562567930376,0.6016477765484478,-0.004908480244589786,0.6073928276697794,0.5962507724761963,-0.011142055193583134,0.6343204787635918,0.6272713591983896,-0.0070491195652021554
AV,middle,0.5,3,0.6268315018315018,0.6213369963369964,-0.005494505494505475,0.6000059900195576,0.6017599245084512,0.0017539344888936048,0.6069148580233256,0.5963491002718607,-0.010565757751464844,0.6342630379720979,0.6270335756322152,-0.007229462339882753
T,back,0.1,3,0.5801282051282052,0.5837912087912088,0.00366300366300365,0.5571134661166919,0.560680204052002,0.003566737935310149,0.6283716559410095,0.6266055901845297,-0.001766065756479862,0.5937963020196415,0.5843018354297659,-0.009494466589875628
T,back,0.3,3,0.5718864468864469,0.5737179487179487,0.001831501831501825,0.5522236370423949,0.5513359407890606,-0.0008876962533342914,0.6339938044548035,0.6383251746495565,0.004331370194753048,0.5872345372096899,0.5728560158419373,-0.014378521367752528
T,back,0.5,3,0.5434981684981685,0.5595238095238095,0.01602564102564108,0.5239885458866206,0.5396968741507783,0.01570832826415769,0.665079673131307,0.6703800757726034,0.005300402641296387,0.5201515687450773,0.5128323519630036,-0.007319216782073701
T,front,0.1,3,0.5956959706959707,0.6021062271062271,0.0064102564102563875,0.5766118693579517,0.5809560416854124,0.004344172327460649,0.6181537508964539,0.617475430170695,-0.0006783207257589075,0.6115224236866558,0.6043310659550569,-0.007191357731598846
T,front,0.3,3,0.565018315018315,0.5714285714285714,0.0064102564102563875,0.5511947994553121,0.5542255489806573,0.003030749525345211,0.6459249258041382,0.6500062545140585,0.004081328709920284,0.5414168590690606,0.5314651698065956,-0.009951689262464924
T,front,0.5,3,0.548992673992674,0.5581501831501832,0.009157509157509125,0.5342036869661619,0.5411223621154669,0.006918675149304998,0.6730482379595438,0.678443431854248,0.00539519389470422,0.4868796770779814,0.47934650828618947,-0.007533168791791944
T,middle,0.1,3,0.5906593406593407,0.6043956043956045,0.013736263736263798,0.5711119472129548,0.5835911394627062,0.01247919224975147,0.6175399422645569,0.61419810851415,-0.003341833750406864,0.5975138264420393,0.5887227381137825,-0.008791088328256813
T,middle,0.3,3,0.592948717948718,0.5934065934065934,0.00045787545787545625,0.5783480375624735,0.5763507883959715,-0.001997249166502013,0.62850022315979,0.631996750831604,0.003496527671813965,0.557525515679976,0.5476807941244247,-0.009844721555551272
T,middle,0.5,3,0.5265567765567766,0.5402930402930403,0.013736263736263687,0.5151652779413785,0.528455925952047,0.013290648010668593,0.6673425833384196,0.672307014465332,0.004964431126912472,0.5041546888756514,0.5016295302829417,-0.002525158592709742
TA,back,0.1,3,0.5773809523809523,0.5833333333333334,0.005952380952381042,0.5530338122830663,0.5596512473443698,0.006617435061303523,0.6289470195770264,0.6272537509600321,-0.001693268616994259,0.5922512978237823,0.5826009303981349,-0.0096503674256474
TA,back,0.3,3,0.5755494505494505,0.5686813186813187,-0.006868131868131844,0.5542159164860425,0.5442703647094775,-0.009945551776564976,0.6369154453277588,0.6412222385406494,0.004306793212890625,0.5841749517172646,0.5688555857712556,-0.015319365946009023
TA,back,0.5,3,0.5453296703296703,0.554945054945055,0.009615384615384692,0.5231469379761322,0.5329241967964748,0.009777258820342638,0.6683700084686279,0.6728180249532064,0.0044480164845784875,0.5122351235854776,0.5063205040248326,-0.005914619560644985
TA,front,0.1,3,0.5892857142857143,0.6021062271062271,0.012820512820512775,0.5703549732087921,0.5809519686229692,0.010596995414177024,0.6184141635894775,0.6188282569249471,0.0004140933354696008,0.6104736073870601,0.6029783478116302,-0.007495259575429958
TA,front,0.3,3,0.5695970695970696,0.5705128205128205,0.0009157509157509125,0.55485527413958,0.553749480818125,-0.0011057933214549953,0.6487391591072083,0.6543737252553304,0.005634566148122189,0.5367561734722301,0.5257764114685168,-0.010979762003713311
TA,front,0.5,3,0.5425824175824175,0.5558608058608059,0.013278388278388342,0.5289653940102745,0.540588189331422,0.011622795321147517,0.67604527870814,0.6830987930297852,0.007053514321645138,0.48472049009169355,0.4749087105833741,-0.009811779508319463
TA,middle,0.1,3,0.5897435897435898,0.603021978021978,0.013278388278388231,0.570050673492748,0.581914299114929,0.011863625622181018,0.6158690452575684,0.6122872630755106,-0.0035817821820577356,0.5992700643437755,0.5907314544864879,-0.008538609857287605
TA,middle,0.3,3,0.5897435897435898,0.5915750915750916,0.001831501831501825,0.5744610212083003,0.5743868601349108,-7.41610733895337e-05,0.6272148291269938,0.6303455829620361,0.0031307538350423547,0.559235429303979,0.550429559565691,-0.008805869738288008
TA,middle,0.5,3,0.5343406593406593,0.5402930402930404,0.005952380952381042,0.5223096430242629,0.5270534314495497,0.004743788425286888,0.666746457417806,0.6716684699058533,0.004922012488047245,0.5071877765313417,0.5047438203993981,-0.002443956131943592
TV,back,0.1,3,0.5782967032967034,0.5778388278388279,-0.00045787545787545625,0.5544779189140258,0.5531039731254547,-0.0013739457885710848,0.6286539832750956,0.627290685971578,-0.0013632973035175855,0.5937439423922605,0.5840277411335905,-0.00971620125867001
TV,back,0.3,3,0.5732600732600732,0.5673076923076923,-0.005952380952380931,0.5533979916367379,0.5444681438013759,-0.008929847835361993,0.6342573165893555,0.6395496129989624,0.005292296409606934,0.5857055472426012,0.5710410597544836,-0.01466448748811755
TV,back,0.5,3,0.5471611721611722,0.5627289377289377,0.015567765567765512,0.5284611774132273,0.5407246110275796,0.012263433614352337,0.6638172268867493,0.6685630679130554,0.004745841026306152,0.5185521358101629,0.5114066369195328,-0.007145498890630098
TV,front,0.1,3,0.5943223443223443,0.6016483516483516,0.0073260073260073,0.5737814531680906,0.578917740711787,0.005136287543696438,0.6181918183962504,0.6173305511474609,-0.0008612672487894324,0.6114120722235992,0.6045012854161315,-0.006910786807467706
TV,front,0.3,3,0.5645604395604396,0.5695970695970696,0.005036630036630019,0.5479989507698666,0.5499480099221251,0.0019490591522585143,0.6458370486895243,0.6493086417516073,0.0034715930620830004,0.5405882600306385,0.5314530434516245,-0.00913521657901406
TV,front,0.5,3,0.5508241758241759,0.5608974358974359,0.010073260073260037,0.5340927069769558,0.5429719436013545,0.008879236624398712,0.6741664012273153,0.6797148585319519,0.0055484573046366,0.4850426719158812,0.4788923634754113,-0.006150308440469876
TV,middle,0.1,3,0.5897435897435898,0.6007326007326007,0.01098901098901095,0.5700069973620028,0.5788358136682015,0.008828816306198695,0.6176704367001852,0.6144325931866964,-0.0032378435134887695,0.5976624244529758,0.5887556346640673,-0.008906789788908465
TV,middle,0.3,3,0.5892857142857143,0.592032967032967,0.0027472527472527375,0.5739915366104076,0.574256072107687,0.00026453549727945,0.6286913156509399,0.6313663721084595,0.0026750564575195312,0.5578233647171305,0.5485653253561168,-0.009258039361013659
TV,middle,0.5,3,0.5238095238095238,0.5375457875457875,0.013736263736263687,0.5110988864095828,0.5237538801565563,0.012654993746973542,0.6659447550773621,0.6706821918487549,0.004737436771392822,0.5036886989232273,0.5021663638176458,-0.0015223351055815293
V,back,0.1,3,0.6314102564102564,0.6231684981684982,-0.008241758241758212,0.6067494877147358,0.6045157517718848,-0.002233735942851034,0.6101254026095072,0.599077026049296,-0.011048376560211182,0.6321706587486972,0.624411498828661,-0.007759159920036174
V,back,0.3,3,0.6277472527472527,0.6231684981684982,-0.0045787545787545625,0.6030613613614485,0.6049738825392068,0.0019125211777583084,0.610846996307373,0.5989383459091187,-0.011908650398254395,0.6314086970177899,0.6236191171972928,-0.007789579820497106
V,back,0.5,3,0.6277472527472527,0.6213369963369964,-0.0064102564102563875,0.603033396135183,0.6022699566230346,-0.0007634395121484117,0.6100338101387024,0.5979549487431844,-0.012078861395517948,0.6323583368599403,0.6246105808620317,-0.007747755997908556
V,front,0.1,3,0.6327838827838828,0.6245421245421245,-0.008241758241758212,0.6084076868840637,0.6062080315356249,-0.0021996553484388004,0.6097239057223002,0.5990191499392191,-0.010704755783081055,0.6320080024388524,0.624484767477665,-0.007523234961187342
V,front,0.3,3,0.6327838827838828,0.6245421245421245,-0.008241758241758212,0.607416099866798,0.6061831034879511,-0.0012329963788468845,0.6108870108922323,0.599752406279246,-0.01113460461298632,0.6306490330722834,0.6240586475984893,-0.0065903854737940915
V,front,0.5,3,0.6268315018315018,0.6213369963369964,-0.005494505494505475,0.6008029462820031,0.6029420840650092,0.0021391377830060065,0.6120983759562174,0.6008327404657999,-0.01126563549041748,0.6289825927212251,0.6228851670111097,-0.006097425710115401
V,middle,0.1,3,0.63003663003663,0.6217948717948718,-0.008241758241758212,0.6057418848327032,0.6035915137929809,-0.0021503710397222653,0.6098657846450806,0.5990577340126038,-0.010808050632476807,0.6319143942457546,0.6242986879951924,-0.007615706250562182
V,middle,0.3,3,0.6304945054945055,0.6190476190476191,-0.011446886446886406,0.6054555078461634,0.6003811580556678,-0.005074349790495591,0.6094443798065186,0.5985740621884664,-0.010870317618052128,0.6324748216939988,0.6249026637460339,-0.0075721579479649526
V,middle,0.5,3,0.6286630036630036,0.6153846153846154,-0.013278388278388231,0.6031686956817743,0.5966542984234282,-0.006514397258346127,0.6092966993649801,0.5983357429504395,-0.010960956414540646,0.6327223193775635,0.6252045815938424,-0.007517737783721112
