sample_id,source_file,polarity_code,polarity,strength,p_negative,p_neutral,p_positive,content_tokens,audio_zero_rows,vision_zero_rows,audio_longest_zero_block,vision_longest_zero_block,model_version
附件3_01,附件3_01.pkl,0,negative,-0.7823191285133362,0.6253346800804138,0.2836826741695404,0.09098262339830399,6,0,0,0,0,q2_c_aug_1layer_concat_eff_step9_lr3e4_20260924_three_seed_equal_ensemble
附件3_02,附件3_02.pkl,1,neutral,-0.1748329997062683,0.1748923808336258,0.6616846919059753,0.16342289745807648,28,5,5,2,2,q2_c_aug_1layer_concat_eff_step9_lr3e4_20260924_three_seed_equal_ensemble
附件3_03,附件3_03.pkl,1,neutral,0.23840171098709106,0.23252332210540771,0.48559877276420593,0.28187796473503113,32,5,9,1,4,q2_c_aug_1layer_concat_eff_step9_lr3e4_20260924_three_seed_equal_ensemble
附件3_04,附件3_04.pkl,2,positive,0.29580846428871155,0.09048642963171005,0.3123411238193512,0.5971724390983582,31,2,2,1,1,q2_c_aug_1layer_concat_eff_step9_lr3e4_20260924_three_seed_equal_ensemble
附件3_05,附件3_05.pkl,0,negative,-1.3691855669021606,0.8954361081123352,0.0713774636387825,0.03318651393055916,12,0,0,0,0,q2_c_aug_1layer_concat_eff_step9_lr3e4_20260924_three_seed_equal_ensemble
附件3_06,附件3_06.pkl,2,positive,0.9677109718322754,0.021670615300536156,0.16221384704113007,0.8161155581474304,25,3,3,1,1,q2_c_aug_1layer_concat_eff_step9_lr3e4_20260924_three_seed_equal_ensemble
附件3_07,附件3_07.pkl,1,neutral,0.033078212291002274,0.2528489828109741,0.4313321113586426,0.3158188760280609,21,3,3,1,1,q2_c_aug_1layer_concat_eff_step9_lr3e4_20260924_three_seed_equal_ensemble
附件3_08,附件3_08.pkl,1,neutral,-0.05201009288430214,0.20323604345321655,0.4218289852142334,0.3749350309371948,15,2,2,2,2,q2_c_aug_1layer_concat_eff_step9_lr3e4_20260924_three_seed_equal_ensemble
附件3_09,附件3_09.pkl,2,positive,1.194886565208435,0.01291895192116499,0.06168217957019806,0.9253988265991211,14,2,2,2,2,q2_c_aug_1layer_concat_eff_step9_lr3e4_20260924_three_seed_equal_ensemble
附件3_10,附件3_10.pkl,1,neutral,-0.11608169227838516,0.11774125695228577,0.7504642605781555,0.13179443776607513,6,0,0,0,0,q2_c_aug_1layer_concat_eff_step9_lr3e4_20260924_three_seed_equal_ensemble
附件3_11,附件3_11.pkl,1,neutral,0.15705257654190063,0.22375436127185822,0.4693562984466553,0.3068893253803253,14,4,4,2,2,q2_c_aug_1layer_concat_eff_step9_lr3e4_20260924_three_seed_equal_ensemble
附件3_12,附件3_12.pkl,2,positive,0.2337983101606369,0.23385624587535858,0.24446777999401093,0.5216760039329529,13,2,2,1,1,q2_c_aug_1layer_concat_eff_step9_lr3e4_20260924_three_seed_equal_ensemble
附件3_13,附件3_13.pkl,1,neutral,-0.1320137083530426,0.32485780119895935,0.3940017521381378,0.28114041686058044,19,2,2,1,1,q2_c_aug_1layer_concat_eff_step9_lr3e4_20260924_three_seed_equal_ensemble
附件3_14,附件3_14.pkl,0,negative,-0.9078056216239929,0.6644096970558167,0.21003897488117218,0.12555135786533356,23,2,2,2,2,q2_c_aug_1layer_concat_eff_step9_lr3e4_20260924_three_seed_equal_ensemble
附件3_15,附件3_15.pkl,2,positive,0.584592878818512,0.027738919481635094,0.2167876958847046,0.7554733753204346,27,3,3,1,1,q2_c_aug_1layer_concat_eff_step9_lr3e4_20260924_three_seed_equal_ensemble
附件3_16,附件3_16.pkl,2,positive,1.264366626739502,0.034872133284807205,0.09324444085359573,0.8718833923339844,34,4,4,1,1,q2_c_aug_1layer_concat_eff_step9_lr3e4_20260924_three_seed_equal_ensemble
附件3_17,附件3_17.pkl,0,negative,-0.28420770168304443,0.4403015375137329,0.36784353852272034,0.19185490906238556,22,8,8,3,3,q2_c_aug_1layer_concat_eff_step9_lr3e4_20260924_three_seed_equal_ensemble
附件3_18,附件3_18.pkl,2,positive,0.3466123044490814,0.08513214439153671,0.4428822994232178,0.4719855785369873,17,3,3,2,2,q2_c_aug_1layer_concat_eff_step9_lr3e4_20260924_three_seed_equal_ensemble
附件3_19,附件3_19.pkl,0,negative,-0.3815024793148041,0.5237142443656921,0.3345986306667328,0.14168713986873627,24,7,7,2,2,q2_c_aug_1layer_concat_eff_step9_lr3e4_20260924_three_seed_equal_ensemble
附件3_20,附件3_20.pkl,1,neutral,-0.03494351729750633,0.3786489963531494,0.43924680352211,0.18210415542125702,48,14,14,4,4,q2_c_aug_1layer_concat_eff_step9_lr3e4_20260924_three_seed_equal_ensemble
附件3_21,附件3_21.pkl,2,positive,0.3648461103439331,0.07611788064241409,0.3326099216938019,0.5912721753120422,9,3,3,1,1,q2_c_aug_1layer_concat_eff_step9_lr3e4_20260924_three_seed_equal_ensemble
附件3_22,附件3_22.pkl,2,positive,0.24080248177051544,0.22309403121471405,0.31483903527259827,0.4620669186115265,17,4,4,1,1,q2_c_aug_1layer_concat_eff_step9_lr3e4_20260924_three_seed_equal_ensemble
附件3_23,附件3_23.pkl,2,positive,0.3400668203830719,0.062388624995946884,0.4592849314212799,0.4783264100551605,13,4,4,3,3,q2_c_aug_1layer_concat_eff_step9_lr3e4_20260924_three_seed_equal_ensemble
附件3_24,附件3_24.pkl,0,negative,0.00543502951040864,0.451986163854599,0.18336482346057892,0.3646489679813385,8,2,2,1,1,q2_c_aug_1layer_concat_eff_step9_lr3e4_20260924_three_seed_equal_ensemble
附件3_25,附件3_25.pkl,2,positive,0.15436649322509766,0.0854012668132782,0.4280461370944977,0.48655256628990173,9,2,2,1,1,q2_c_aug_1layer_concat_eff_step9_lr3e4_20260924_three_seed_equal_ensemble
附件3_26,附件3_26.pkl,2,positive,0.7002725601196289,0.0583081990480423,0.18936197459697723,0.7523298263549805,22,6,6,2,2,q2_c_aug_1layer_concat_eff_step9_lr3e4_20260924_three_seed_equal_ensemble
附件3_27,附件3_27.pkl,2,positive,0.2311551421880722,0.07775745540857315,0.30130770802497864,0.6209349036216736,21,8,8,3,3,q2_c_aug_1layer_concat_eff_step9_lr3e4_20260924_three_seed_equal_ensemble
附件3_28,附件3_28.pkl,2,positive,0.3348912298679352,0.043457794934511185,0.4009806215763092,0.5555615425109863,33,11,11,3,3,q2_c_aug_1layer_concat_eff_step9_lr3e4_20260924_three_seed_equal_ensemble
附件3_29,附件3_29.pkl,2,positive,0.40982961654663086,0.13394933938980103,0.3905414044857025,0.47550925612449646,18,8,8,4,4,q2_c_aug_1layer_concat_eff_step9_lr3e4_20260924_three_seed_equal_ensemble
附件3_30,附件3_30.pkl,1,neutral,0.11897080391645432,0.2923628091812134,0.44392791390419006,0.26370933651924133,24,12,12,4,4,q2_c_aug_1layer_concat_eff_step9_lr3e4_20260924_three_seed_equal_ensemble
