modalities,position,ratio,n,masked_positions,mean_actual_ratio,newly_lost_observed_ratio,accuracy,macro_f1,f1_0,f1_1,f1_2,mae,pearson,sign_conflict,delta_accuracy,delta_macro_f1,delta_mae,delta_pearson
T,front,0.1,728,2032,0.12971193869701972,0.11833216864663405,0.6167582417582418,0.5865475652599451,0.6313559322033898,0.42813455657492355,0.700152207001522,0.5994453430175781,0.622910810734505,0.03159340659340659,-0.02335164835164827,-0.028362960912112878,0.01665574312210083,-0.018707210880165248
A,front,0.1,728,2032,0.12971193869701972,0.1183580520845498,0.6401098901098901,0.614910526172058,0.6637554585152838,0.46647230320699706,0.7145038167938931,0.5827895998954773,0.6416180225475581,0.01510989010989011,0.0,0.0,0.0,9.32887767035595e-10
V,front,0.1,728,2032,0.12971193869701972,0.11894762845849802,0.6428571428571429,0.6164057392889352,0.6593406593406593,0.46647230320699706,0.723404255319149,0.5823962688446045,0.6417039165913232,0.016483516483516484,0.0027472527472528485,0.0014952131168771698,-0.00039333105087280273,8.589497665290047e-05
TA,front,0.1,728,2032,0.12971193869701972,0.11834509300833868,0.6167582417582418,0.5865475652599451,0.6313559322033898,0.42813455657492355,0.700152207001522,0.5994453430175781,0.622910810734505,0.03159340659340659,-0.02335164835164827,-0.028362960912112878,0.01665574312210083,-0.018707210880165248
TV,front,0.1,728,2032,0.12971193869701972,0.11863085960915958,0.6195054945054945,0.5896166141575643,0.6340425531914894,0.4316109422492401,0.7031963470319634,0.5997436046600342,0.622663604790937,0.03296703296703297,-0.02060439560439553,-0.025293912014493714,0.016954004764556885,-0.018954416823733333
AV,front,0.1,728,2032,0.12971193869701972,0.11864457650519239,0.6428571428571429,0.6164057392889352,0.6593406593406593,0.46647230320699706,0.723404255319149,0.5823962688446045,0.6417039165913232,0.016483516483516484,0.0027472527472528485,0.0014952131168771698,-0.00039333105087280273,8.589497665290047e-05
T,front,0.3,728,5478,0.3284235928836993,0.3190076869322152,0.5851648351648352,0.5565531943644237,0.6069868995633187,0.39296187683284456,0.669710806697108,0.6357674598693848,0.5431276483189524,0.020604395604395604,-0.05494505494505486,-0.05835733180763425,0.05297785997390747,-0.09849037329571786
A,front,0.3,728,5478,0.3284235928836993,0.3189886721943244,0.6401098901098901,0.614910526172058,0.6637554585152838,0.46647230320699706,0.7145038167938931,0.5827895998954773,0.6416180225475581,0.01510989010989011,0.0,0.0,0.0,9.32887767035595e-10
V,front,0.3,728,5478,0.3284235928836993,0.3205904150197628,0.6387362637362637,0.6113418781547008,0.6637362637362637,0.45427728613569324,0.716012084592145,0.5823699831962585,0.641527018027671,0.019230769230769232,-0.0013736263736263687,-0.0035686480173572344,-0.00041961669921875,-9.100358699931643e-05
TA,front,0.3,728,5478,0.3284235928836993,0.31899819231442067,0.5851648351648352,0.5565531943644237,0.6069868995633187,0.39296187683284456,0.669710806697108,0.6357674598693848,0.5431276483189524,0.020604395604395604,-0.05494505494505486,-0.05835733180763425,0.05297785997390747,-0.09849037329571786
TV,front,0.3,728,5478,0.3284235928836993,0.3197758062582424,0.5810439560439561,0.5524484052152,0.5969498910675382,0.39067055393586003,0.6697247706422018,0.6364735960960388,0.5422649821067663,0.02197802197802198,-0.05906593406593397,-0.06246212095685799,0.05368399620056152,-0.09935303950790397
AV,front,0.3,728,5478,0.3284235928836993,0.3197670928627169,0.6387362637362637,0.6113418781547008,0.6637362637362637,0.45427728613569324,0.716012084592145,0.5823699831962585,0.641527018027671,0.019230769230769232,-0.0013736263736263687,-0.0035686480173572344,-0.00041961669921875,-9.100358699931643e-05
T,front,0.5,728,8752,0.516434327252749,0.5096668996040066,0.5686813186813187,0.5459446012986834,0.5656108597285068,0.40970350404312667,0.6625194401244168,0.6699122190475464,0.4868642603129454,0.013736263736263736,-0.0714285714285714,-0.0689659248733746,0.08712261915206909,-0.1547537613017249
A,front,0.5,728,8752,0.516434327252749,0.5096344738993344,0.6401098901098901,0.614910526172058,0.6637554585152838,0.46647230320699706,0.7145038167938931,0.5827895998954773,0.6416180225475581,0.01510989010989011,0.0,0.0,0.0,9.32887767035595e-10
V,front,0.5,728,8752,0.516434327252749,0.5119194664031621,0.6373626373626373,0.610000788124792,0.6607929515418502,0.45427728613569324,0.7149321266968326,0.5845561027526855,0.6391951596348432,0.02197802197802198,-0.0027472527472527375,-0.004909738047266021,0.001766502857208252,-0.0024228619798271067
TA,front,0.5,728,8752,0.516434327252749,0.5096507084961223,0.5686813186813187,0.5459446012986834,0.5656108597285068,0.40970350404312667,0.6625194401244168,0.6699122190475464,0.4868642603129454,0.013736263736263736,-0.0714285714285714,-0.0689659248733746,0.08712261915206909,-0.1547537613017249
TV,front,0.5,728,8752,0.516434327252749,0.5107601007073492,0.5714285714285714,0.5474834375386862,0.5720720720720721,0.4088397790055249,0.6615384615384615,0.6722145676612854,0.4847904299908027,0.013736263736263736,-0.06868131868131866,-0.06742708863337177,0.0894249677658081,-0.1568275916238676
AV,front,0.5,728,8752,0.516434327252749,0.5107449426736299,0.6373626373626373,0.610000788124792,0.6607929515418502,0.45427728613569324,0.7149321266968326,0.5845561027526855,0.6391951596348432,0.02197802197802198,-0.0027472527472527375,-0.004909738047266021,0.001766502857208252,-0.0024228619798271067
T,middle,0.1,728,2032,0.12971193869701972,0.11833216864663405,0.6043956043956044,0.5760648071026456,0.6292134831460674,0.4092219020172911,0.6897590361445783,0.6022626161575317,0.6096047590158272,0.023351648351648352,-0.0357142857142857,-0.038845719069412366,0.019473016262054443,-0.03201326259884307
A,middle,0.1,728,2032,0.12971193869701972,0.1183580520845498,0.6401098901098901,0.614910526172058,0.6637554585152838,0.46647230320699706,0.7145038167938931,0.5827895998954773,0.6416180225475581,0.01510989010989011,0.0,0.0,0.0,9.32887767035595e-10
V,middle,0.1,728,2032,0.12971193869701972,0.11863883399209486,0.6387362637362637,0.6135175448301027,0.6622807017543859,0.463768115942029,0.7145038167938931,0.5831263661384583,0.6411740006318123,0.016483516483516484,-0.0013736263736263687,-0.0013929813419553128,0.00033676624298095703,-0.0004440209828580066
TA,middle,0.1,728,2032,0.12971193869701972,0.11834509300833868,0.6043956043956044,0.5760648071026456,0.6292134831460674,0.4092219020172911,0.6897590361445783,0.6022626161575317,0.6096047590158272,0.023351648351648352,-0.0357142857142857,-0.038845719069412366,0.019473016262054443,-0.03201326259884307
TV,middle,0.1,728,2032,0.12971193869701972,0.11848099748231627,0.6071428571428571,0.5781723346199105,0.6303854875283447,0.4115942028985507,0.6925373134328359,0.6028217077255249,0.6090427600697216,0.019230769230769232,-0.03296703296703296,-0.036738191552147526,0.020032107830047607,-0.03257526154494872
AV,middle,0.1,728,2032,0.12971193869701972,0.11849450747343779,0.6387362637362637,0.6135175448301027,0.6622807017543859,0.463768115942029,0.7145038167938931,0.5831263661384583,0.6411740006318123,0.016483516483516484,-0.0013736263736263687,-0.0013929813419553128,0.00033676624298095703,-0.0004440209828580066
T,middle,0.3,728,5478,0.3284235928836993,0.3190076869322152,0.6016483516483516,0.5791533461608416,0.6037735849056604,0.44266666666666665,0.6910197869101978,0.6183311343193054,0.5675576664290707,0.019230769230769232,-0.038461538461538436,-0.035757180011216416,0.035541534423828125,-0.07406035518559961
A,middle,0.3,728,5478,0.3284235928836993,0.3189886721943244,0.6401098901098901,0.614910526172058,0.6637554585152838,0.46647230320699706,0.7145038167938931,0.5827895998954773,0.6416180225475581,0.01510989010989011,0.0,0.0,0.0,9.32887767035595e-10
V,middle,0.3,728,5478,0.3284235928836993,0.3199110671936759,0.6428571428571429,0.6171537273186062,0.6652078774617067,0.4678362573099415,0.7184170471841704,0.5830969214439392,0.6414501397213002,0.019230769230769232,0.0027472527472528485,0.0022432011465481905,0.00030732154846191406,-0.00016788189337013648
TA,middle,0.3,728,5478,0.3284235928836993,0.31899819231442067,0.6016483516483516,0.5791533461608416,0.6037735849056604,0.44266666666666665,0.6910197869101978,0.6183311343193054,0.5675576664290707,0.019230769230769232,-0.038461538461538436,-0.035757180011216416,0.035541534423828125,-0.07406035518559961
TV,middle,0.3,728,5478,0.3284235928836993,0.3194461095791871,0.603021978021978,0.5782401321424643,0.6052009456264775,0.43478260869565216,0.6947368421052632,0.6181147694587708,0.5671738640378841,0.0260989010989011,-0.03708791208791207,-0.03667039402959371,0.03532516956329346,-0.07444415757678624
AV,middle,0.3,728,5478,0.3284235928836993,0.3194369409928567,0.6428571428571429,0.6171537273186062,0.6652078774617067,0.4678362573099415,0.7184170471841704,0.5830969214439392,0.6414501397213002,0.019230769230769232,0.0027472527472528485,0.0022432011465481905,0.00030732154846191406,-0.00016788189337013648
T,middle,0.5,728,8752,0.516434327252749,0.5096668996040066,0.5604395604395604,0.5480018801561207,0.5727699530516432,0.43795620437956206,0.6332794830371568,0.6608486175537109,0.5166078625890511,0.012362637362637362,-0.07967032967032961,-0.06690864601593727,0.07805901765823364,-0.12501015902561918
A,middle,0.5,728,8752,0.516434327252749,0.5096344738993344,0.6401098901098901,0.614910526172058,0.6637554585152838,0.46647230320699706,0.7145038167938931,0.5827895998954773,0.6416180225475581,0.01510989010989011,0.0,0.0,0.0,9.32887767035595e-10
V,middle,0.5,728,8752,0.516434327252749,0.5101284584980237,0.6414835164835165,0.6134409582373382,0.6637362637362637,0.4556213017751479,0.7209653092006033,0.5834247469902039,0.6415462994790061,0.017857142857142856,0.0013736263736264798,-0.001469567934719751,0.0006351470947265625,-7.172213566419838e-05
TA,middle,0.5,728,8752,0.516434327252749,0.5096507084961223,0.5604395604395604,0.5480018801561207,0.5727699530516432,0.43795620437956206,0.6332794830371568,0.6608486175537109,0.5166078625890511,0.012362637362637362,-0.07967032967032961,-0.06690864601593727,0.07805901765823364,-0.12501015902561918
TV,middle,0.5,728,8752,0.516434327252749,0.5098909003716581,0.5576923076923077,0.542877334775226,0.5660377358490566,0.4215686274509804,0.6410256410256411,0.6608679890632629,0.5157880762970469,0.024725274725274724,-0.08241758241758235,-0.07203319139683195,0.07807838916778564,-0.12582994531762337
AV,middle,0.5,728,8752,0.516434327252749,0.5098745422894532,0.6414835164835165,0.6134409582373382,0.6637362637362637,0.4556213017751479,0.7209653092006033,0.5834247469902039,0.6415462994790061,0.017857142857142856,0.0013736263736264798,-0.001469567934719751,0.0006351470947265625,-7.172213566419838e-05
T,back,0.1,728,2032,0.12971193869701972,0.11833216864663405,0.6002747252747253,0.5679028299260471,0.6493506493506493,0.38271604938271603,0.6716417910447762,0.6140246391296387,0.6025973636412917,0.0260989010989011,-0.039835164835164805,-0.047007696246010866,0.031235039234161377,-0.039020657973378614
A,back,0.1,728,2032,0.12971193869701972,0.11847483358635992,0.6401098901098901,0.614910526172058,0.6637554585152838,0.46647230320699706,0.7145038167938931,0.5827895998954773,0.6416180225475581,0.01510989010989011,0.0,0.0,0.0,9.32887767035595e-10
V,back,0.1,728,2032,0.12971193869701972,0.11728013833992094,0.6442307692307693,0.6198620791385477,0.6666666666666666,0.4753623188405797,0.7175572519083969,0.5829232931137085,0.6417577248948952,0.016483516483516484,0.004120879120879217,0.004951552966489747,0.00013369321823120117,0.00013970328022494538
TA,back,0.1,728,2032,0.12971193869701972,0.11840340544638171,0.6002747252747253,0.5679028299260471,0.6493506493506493,0.38271604938271603,0.6716417910447762,0.6140246391296387,0.6025973636412917,0.0260989010989011,-0.039835164835164805,-0.047007696246010866,0.031235039234161377,-0.039020657973378614
TV,back,0.1,728,2032,0.12971193869701972,0.11782160412420573,0.603021978021978,0.5700130183825837,0.6493506493506493,0.38509316770186336,0.6755952380952381,0.6147944331169128,0.6026855817940989,0.03021978021978022,-0.03708791208791207,-0.04489750778947432,0.03200483322143555,-0.038932439820571374
AV,back,0.1,728,2032,0.12971193869701972,0.11789423134641935,0.6442307692307693,0.6198620791385477,0.6666666666666666,0.4753623188405797,0.7175572519083969,0.5829232931137085,0.6417577248948952,0.016483516483516484,0.004120879120879217,0.004951552966489747,0.00013369321823120117,0.00013970328022494538
T,back,0.3,728,5478,0.3284235928836993,0.3190076869322152,0.5824175824175825,0.553761306000112,0.6065934065934065,0.3940298507462687,0.6606606606606606,0.6288009881973267,0.5890357887968258,0.02197802197802198,-0.0576923076923076,-0.06114922017194602,0.046011388301849365,-0.052582232817844465
A,back,0.3,728,5478,0.3284235928836993,0.3191054536961345,0.6401098901098901,0.614910526172058,0.6637554585152838,0.46647230320699706,0.7145038167938931,0.5827895998954773,0.6416180225475581,0.01510989010989011,0.0,0.0,0.0,9.32887767035595e-10
V,back,0.3,728,5478,0.3284235928836993,0.31663784584980237,0.6456043956043956,0.6215915684531627,0.6651982378854625,0.4811594202898551,0.7184170471841704,0.5832490921020508,0.6409891966046011,0.013736263736263736,0.005494505494505586,0.0066810422811046655,0.00045949220657348633,-0.0006288250100692228
TA,back,0.3,728,5478,0.3284235928836993,0.3190565047524637,0.5824175824175825,0.553761306000112,0.6065934065934065,0.3940298507462687,0.6606606606606606,0.6288009881973267,0.5890357887968258,0.02197802197802198,-0.0576923076923076,-0.06114922017194602,0.046011388301849365,-0.052582232817844465
TV,back,0.3,728,5478,0.3284235928836993,0.3178575710346481,0.5782967032967034,0.5502814530941901,0.6044444444444445,0.3916913946587537,0.6547085201793722,0.6286568641662598,0.5886411512036834,0.020604395604395604,-0.061813186813186705,-0.06462907307786792,0.04586726427078247,-0.052976870410986865
AV,back,0.3,728,5478,0.3284235928836993,0.31790623686895975,0.6456043956043956,0.6215915684531627,0.6651982378854625,0.4811594202898551,0.7184170471841704,0.5832490921020508,0.6409891966046011,0.013736263736263736,0.005494505494505586,0.0066810422811046655,0.00045949220657348633,-0.0006288250100692228
T,back,0.5,728,8752,0.516434327252749,0.5096668996040066,0.5769230769230769,0.5561127328329163,0.6,0.42613636363636365,0.6422018348623854,0.6597370505332947,0.525575364277989,0.024725274725274724,-0.06318681318681318,-0.0587977933391417,0.07694745063781738,-0.11604265733668129
A,back,0.5,728,8752,0.516434327252749,0.5097512554011444,0.6401098901098901,0.614910526172058,0.6637554585152838,0.46647230320699706,0.7145038167938931,0.5827895998954773,0.6416180225475581,0.01510989010989011,0.0,0.0,0.0,9.32887767035595e-10
V,back,0.5,728,8752,0.516434327252749,0.5070405138339921,0.6387362637362637,0.6135232518799086,0.6622516556291391,0.46511627906976744,0.7132018209408194,0.5824093818664551,0.6420704498842008,0.016483516483516484,-0.0013736263736263687,-0.0013872742921493542,-0.0003802180290222168,0.00045242826953051374
TA,back,0.5,728,8752,0.516434327252749,0.5097090209341653,0.5769230769230769,0.5561127328329163,0.6,0.42613636363636365,0.6422018348623854,0.6597370505332947,0.525575364277989,0.024725274725274724,-0.06318681318681318,-0.0587977933391417,0.07694745063781738,-0.11604265733668129
TV,back,0.5,728,8752,0.516434327252749,0.508392279103225,0.5755494505494505,0.5526428707104795,0.589041095890411,0.4192634560906516,0.649624060150376,0.6577919125556946,0.5260390614011139,0.02197802197802198,-0.06456043956043955,-0.06226765546157853,0.07500231266021729,-0.1155789602135564
AV,back,0.5,728,8752,0.516434327252749,0.508433879584609,0.6387362637362637,0.6135232518799086,0.6622516556291391,0.46511627906976744,0.7132018209408194,0.5824093818664551,0.6420704498842008,0.016483516483516484,-0.0013736263736263687,-0.0013872742921493542,-0.0003802180290222168,0.00045242826953051374
