candidate,missing_group,scenario_seed_rows,mean_accuracy,mean_macro_f1,mean_mae,mean_pearson
A_T,A,27,0.6277472527472527,0.6099013210527116,0.5936827659606934,0.6352101246962542
A_T,AV,27,0.6277472527472527,0.6099013210527116,0.5936827659606934,0.6352101246962542
A_T,T,27,0.5825702075702076,0.5591444892413143,0.6411233522273876,0.5566494738101293
A_T,TA,27,0.5825702075702076,0.5591444892413143,0.6411233522273876,0.5566494738101293
A_T,TV,27,0.5825702075702076,0.5591444892413143,0.6411233522273876,0.5566494738101293
A_T,V,27,0.6277472527472527,0.6099013210527116,0.5936827659606934,0.6352101246962542
A_T,text_available,81,0.6277472527472527,0.6099013210527116,0.5936827659606934,0.6352101246962542
A_T,text_missing,81,0.5825702075702076,0.5591444892413143,0.6411233522273876,0.5566494738101293
A_TA,A,27,0.6193019943019943,0.6035902478249849,0.5979789981135616,0.6265247223231764
A_TA,AV,27,0.6193019943019943,0.6035902478249849,0.5979789981135616,0.6265247223231764
A_TA,T,27,0.5748371998371998,0.5550578772416512,0.6479249839429502,0.5485647088847783
A_TA,TA,27,0.5745319495319495,0.5543131474047989,0.6490023776336953,0.5472390860987353
A_TA,TV,27,0.5748371998371998,0.5550578772416512,0.6479249839429502,0.5485647088847783
A_TA,V,27,0.6204212454212454,0.6051512180760538,0.5973978439966837,0.6276288274623614
A_TA,text_available,81,0.6196750780084114,0.6041105712420078,0.5977852800746023,0.6268927573695714
A_TA,text_missing,81,0.5747354497354498,0.5548096339627004,0.6482841151731985,0.5481228346227639
A_TAV,A,27,0.6212861212861213,0.6028435238177786,0.6000646198237384,0.6234159608186074
A_TAV,AV,27,0.6213878713878714,0.6026929155197371,0.6000046067767673,0.6233192020908513
A_TAV,T,27,0.5763125763125763,0.5573794250649002,0.644415314550753,0.5470184455337442
A_TAV,TA,27,0.5744810744810744,0.5550544487024698,0.6457662339563723,0.5452605916121468
A_TAV,TV,27,0.5744810744810744,0.5541089097913469,0.644248730606503,0.5467566059987338
A_TAV,V,27,0.6215913715913716,0.6030799755883098,0.5990602396152638,0.6242750791455909
A_TAV,text_available,81,0.6214217880884547,0.6028721383086085,0.5997098220719231,0.6236700806850165
A_TAV,text_missing,81,0.575091575091575,0.5555142611862389,0.6448100930378761,0.5463452143815416
A_TAV_clean,A,27,0.6304436304436304,0.6055361645969212,0.6100668377346463,0.6311636024255682
A_TAV_clean,AV,27,0.6292735042735043,0.603887491746021,0.6104973532535412,0.630920479675659
A_TAV_clean,T,27,0.5683760683760684,0.55110680750466,0.6419949774388913,0.5555772665339748
A_TAV_clean,TA,27,0.5681725681725681,0.5501548495365777,0.643029045175623,0.554033879361845
A_TAV_clean,TV,27,0.5679181929181929,0.5497008465845441,0.6419144780547531,0.5549132353009418
A_TAV_clean,V,27,0.6298331298331298,0.6048707851783193,0.610258040604768,0.6316320951306783
A_TAV_clean,text_available,81,0.6298500881834215,0.6047648138404205,0.6102740771976518,0.6312387257439686
A_TAV_clean,text_missing,81,0.5681556098222765,0.5503208345419273,0.6423128335564224,0.5548414603989206
A_TA_clean,A,27,0.6190984940984942,0.5988795545767076,0.60832279920578,0.6291153189308637
A_TA_clean,AV,27,0.6190984940984942,0.5988795545767076,0.60832279920578,0.6291153189308637
A_TA_clean,T,27,0.5591168091168092,0.5371772271898771,0.6581539886969107,0.5413231934904322
A_TA_clean,TA,27,0.5588115588115589,0.5360222357255378,0.6600353629500778,0.5392212096570166
A_TA_clean,TV,27,0.5591168091168092,0.5371772271898771,0.6581539886969107,0.5413231934904322
A_TA_clean,V,27,0.6217948717948718,0.6025362913829793,0.6062490741411845,0.6307784385879442
A_TA_clean,text_available,81,0.6199972866639534,0.6000984668454649,0.6076315575175815,0.6296696921498905
A_TA_clean,text_missing,81,0.559015059015059,0.5367922300350974,0.6587811134479664,0.540622532212627
A_TV,A,27,0.6373626373626373,0.6158443691725431,0.59886101881663,0.6307059404127632
A_TV,AV,27,0.6385327635327636,0.6163455775545769,0.6001863347159492,0.6298372548539433
A_TV,T,27,0.5856735856735856,0.5612120573819371,0.6407598676504912,0.5543126935732148
A_TV,TA,27,0.5856735856735856,0.5612120573819371,0.6407598676504912,0.5543126935732148
A_TV,TV,27,0.5853683353683353,0.5595720641403082,0.6407728327645196,0.5538471804305355
A_TV,V,27,0.6385327635327636,0.6163455775545769,0.6001863347159492,0.6298372548539433
A_TV,text_available,81,0.6381427214760548,0.616178508093899,0.5997445627495095,0.6301268167068832
A_TV,text_missing,81,0.5855718355718356,0.5606653929680608,0.6407641893551673,0.5541575225256551
A_TV_clean,A,27,0.6382783882783883,0.614014973255231,0.6064075430234274,0.6379812238479767
A_TV_clean,AV,27,0.6375661375661376,0.6131094780666358,0.6063508788744608,0.6379777214379898
A_TV_clean,T,27,0.5757020757020757,0.5575495505548209,0.6392493755729111,0.5625393578618499
A_TV_clean,TA,27,0.5757020757020757,0.5575495505548209,0.6392493755729111,0.5625393578618499
A_TV_clean,TV,27,0.5765160765160765,0.5575476175770089,0.6390555545135781,0.5619849298743679
A_TV_clean,V,27,0.6375661375661376,0.6131094780666358,0.6063508788744608,0.6379777214379898
A_TV_clean,text_available,81,0.6378035544702212,0.6134113097961675,0.6063697669241164,0.6379788889079855
A_TV_clean,text_missing,81,0.5759734093067427,0.5575489062288835,0.6391847685531333,0.5623545485326892
A_T_clean,A,27,0.6314102564102564,0.6073490513127041,0.600032905737559,0.6380601460319762
A_T_clean,AV,27,0.6314102564102564,0.6073490513127041,0.600032905737559,0.6380601460319762
A_T_clean,T,27,0.5660866910866911,0.5421363107380098,0.6508530179659525,0.552134397048185
A_T_clean,TA,27,0.5660866910866911,0.5421363107380098,0.6508530179659525,0.552134397048185
A_T_clean,TV,27,0.5660866910866911,0.5421363107380098,0.6508530179659525,0.552134397048185
A_T_clean,V,27,0.6314102564102564,0.6073490513127041,0.600032905737559,0.6380601460319762
A_T_clean,text_available,81,0.6314102564102564,0.6073490513127041,0.600032905737559,0.6380601460319762
A_T_clean,text_missing,81,0.5660866910866911,0.5421363107380098,0.6508530179659525,0.552134397048185
A_gate,A,27,0.6242368742368742,0.6002477643309897,0.6137136419614156,0.6371882426586989
A_gate,AV,27,0.6232193732193733,0.5995724283177116,0.6138495604197184,0.6369114751514271
A_gate,T,27,0.5835368335368335,0.5564074352592474,0.65438680295591,0.560875935265371
A_gate,TA,27,0.5835877085877086,0.5567568448111755,0.6568413133974429,0.5586761158649852
A_gate,TV,27,0.5823667073667074,0.5551648011434377,0.6548047816311872,0.5598924140769765
A_gate,V,27,0.6259157509157509,0.6024414531764857,0.6132092365512142,0.6374915459835419
A_gate,text_available,81,0.6244573327906662,0.600753881941729,0.6135908129774494,0.6371970879312226
A_gate,text_missing,81,0.5831637498304165,0.5561096937379535,0.6553442993281801,0.5598148217357777
B_mask,A,27,0.6316137566137566,0.6086234682392062,0.610708439791644,0.6454879733310893
B_mask,AV,27,0.6304945054945055,0.6095602509050877,0.6080281734466553,0.6408991049900005
B_mask,T,27,0.5743284493284493,0.5460054411265745,0.6577897999021742,0.5522919959755617
B_mask,TA,27,0.5728530728530729,0.5500291347695663,0.6632291520083392,0.548041884806114
B_mask,TV,27,0.5654253154253154,0.5378754351579917,0.6604320362762168,0.5376668357802993
B_mask,V,27,0.6266280016280016,0.6029555200067706,0.6048289294596072,0.643467842691227
B_mask,text_available,81,0.6295787545787546,0.6070464130503548,0.6078551808993021,0.6432849736707723
B_mask,text_missing,81,0.5708689458689459,0.5446366703513775,0.6604836627289101,0.5460002388539916
B_old,A,27,0.6311050061050061,0.607911336270364,0.6106145072866369,0.6456244373137725
B_old,AV,27,0.6303927553927554,0.6093825174498775,0.6081769952067623,0.6409024949887568
B_old,T,27,0.574023199023199,0.5458272455427988,0.6574381347055789,0.5525524939861927
B_old,TA,27,0.5724460724460725,0.5493700885149237,0.6623608580342045,0.5484899059059354
B_old,TV,27,0.5655270655270656,0.5381448342160042,0.6602547897232903,0.537747416467186
B_old,V,27,0.6258140008140008,0.6021898741479011,0.6048974372722484,0.6434213367189154
B_old,text_available,81,0.6291039207705874,0.6064945759560475,0.6078963132552159,0.6433160896738149
B_old,text_missing,81,0.5706654456654456,0.5444473894245756,0.6600179274876913,0.5462632721197713
