sample_id,reference,fixed_class,class_text,class_audio,class_vision,strength_text,strength_audio,strength_vision,base_class_probability,full_class_probability,shapley_sum_error
01,mean,neutral,0.20918456092476845,0.05754664167761803,0.08716977760195732,-0.3401025980710983,-0.07924169953912497,-0.08005854161456227,0.21971499919891357,0.5736159682273865,1.1175870895385742e-08
01,missing,neutral,0.2472468987107277,-0.01547684264369309,0.0033434878569096327,0.2487420248799026,-0.06467936746776104,-0.05433393269777298,0.338502436876297,0.5736159682273865,1.257285475730896e-08
02,mean,neutral,-0.0870713023468852,0.11536045093089342,0.1233192328363657,-0.3455345928668976,-0.025448542088270187,-0.35139936208724976,0.23764103651046753,0.38924941420555115,3.725290298461914e-09
02,missing,neutral,0.030842375359497964,0.005527745088329539,0.01437685900600627,0.10279744025319815,0.020130049902945757,-0.2595231719315052,0.338502436876297,0.38924941420555115,2.1245796233415604e-09
03,mean,negative,0.5264788120985031,-0.01269919107289752,-0.05589594936463982,-1.0809594839811325,0.13196143228560686,-0.09579260367900133,0.0593765489757061,0.5172601938247681,1.5636032912880182e-08
03,missing,negative,0.1186515036970377,0.03166369255632162,0.027413016417995095,-0.2096887119114399,0.11246483959257603,-0.2661612704396248,0.3395319879055023,0.5172601938247681,6.752088665962219e-09
04,mean,negative,0.7145532444119453,-0.04419291717931628,-0.07958786911331117,-1.6316057443618774,0.3586697652935982,0.26600972190499306,0.06299489736557007,0.6537673473358154,8.149072527885437e-09
04,missing,negative,0.37654800713062286,-0.035020990297198296,-0.02729165367782116,-0.9227997213602066,0.33242809772491455,0.21121756359934807,0.3395319879055023,0.6537673473358154,3.725290298461914e-09
05,mean,positive,-0.050768615677952766,-0.09719285741448402,0.056444257497787476,-0.05023434804752469,-0.18364758230745792,-0.021178516326472163,0.7090914845466614,0.6175742745399475,5.587935447692871e-09
05,missing,positive,0.1969239041209221,-0.03565431712195277,0.1343390867114067,0.37362542748451233,-0.14380317367613316,0.08481938461773098,0.32196560502052307,0.6175742745399475,4.190951585769653e-09
06,mean,positive,0.13537810556590557,-0.11288189329206944,-0.19235742092132568,0.1784990131855011,0.06178351864218712,-0.28036915697157383,0.7392311692237854,0.5693699717521667,1.1175870895385742e-08
06,missing,positive,0.3419107645750046,-0.008707113622222096,-0.08579927869141102,0.4648553878068924,0.2214641347527504,-0.045325211714953184,0.32196560502052307,0.5693699717521667,5.529727786779404e-09
07,mean,positive,0.11357709392905235,-0.057596247643232346,-0.04078350588679314,0.251483466476202,-0.17355869710445404,-0.13450567051768303,0.7241344451904297,0.7393317818641663,3.725290298461914e-09
07,missing,positive,0.3515169285237789,0.02094149636104703,0.044907764066010714,0.5988278537988663,-0.00828732829540968,0.02098002005368471,0.32196560502052307,0.7393317818641663,1.210719347000122e-08
08,mean,positive,0.19295566529035568,-0.15600943379104137,-0.17672371678054333,0.25969722867012024,-0.31170833855867386,-0.2537940517067909,0.6853691935539246,0.5455917119979858,3.725290298461914e-09
08,missing,positive,0.3633483201265335,-0.058584874495863914,-0.08113732933998108,0.5348159000277519,-0.1511688455939293,-0.16476546972990036,0.32196560502052307,0.5455917119979858,9.313225746154785e-09
09,mean,negative,0.8971871733665466,-0.00806583886151202,-0.010837341425940394,-2.6186701953411102,0.11806618049740791,-0.05866822600364685,0.05934973061084747,0.9376336932182312,1.557054929435253e-08
09,missing,negative,0.5840291902422905,0.009189377422444522,0.0048831653548404574,-1.9172621369361877,0.04391647345619276,-0.11574007174931467,0.3395319879055023,0.9376336932182312,2.0954757928848267e-09
10,mean,negative,0.8614023625850677,-0.015979804506059736,-0.015603190520778298,-2.3945924043655396,0.15787193551659584,-0.1304323971271515,0.06039957329630852,0.8902189135551453,4.5925844460725784e-08
10,missing,negative,0.5074479281902313,0.00019745035388041288,0.043041568249464035,-1.5453903526067734,0.12103826552629471,-0.2710093595087528,0.3395319879055023,0.8902189135551453,8.658389560878277e-09
11,mean,negative,0.7991034835577011,0.011887071130331606,0.0005153096280992031,-1.6338101923465729,0.005771465599536896,0.08030354883521795,0.06190536543726921,0.8734111785888672,6.979098543524742e-08
11,missing,negative,0.3825746849179268,0.06004934199154377,0.09125517681241035,-0.967611163854599,0.016577400267124176,-0.030796147417277098,0.3395319879055023,0.8734111785888672,4.284083843231201e-08
12,mean,negative,0.7876210808753967,-0.018847460625693202,-0.013356354087591171,-1.6715663075447083,-0.014528531581163406,-0.1430392786860466,0.059141505509614944,0.814558744430542,3.841705620288849e-08
12,missing,negative,0.3984738364815712,-0.005764663190348074,0.08231759537011385,-0.7873690724372864,-0.0001999612431973219,-0.3411870002746582,0.3395319879055023,0.814558744430542,1.2136297300457954e-08
13,mean,neutral,0.19856873899698257,0.08668056316673756,0.0,-0.32288429886102676,-0.19867929071187973,0.0,0.2978140711784363,0.5830633640289307,9.313225746154785e-09
13,missing,neutral,0.25138624012470245,-0.006825312506407499,0.0,0.07693477347493172,-0.09828330553136766,0.0,0.338502436876297,0.5830633640289307,4.656612873077393e-10
14,mean,neutral,0.3267708979547024,0.05050019361078739,-0.07739791460335255,-0.6535143107175827,-0.11056540440768003,0.07141638360917568,0.20256365835666656,0.5024368166923523,3.725290298461914e-09
14,missing,neutral,0.297006256878376,-0.013509182026609778,-0.11956268548965454,-0.17686911579221487,0.05496491678059101,0.11032180406618863,0.338502436876297,0.5024368166923523,9.546056389808655e-09
15,mean,positive,0.1981834266334772,0.02577969490084797,-0.05303541012108326,0.4685288965702057,0.046383184380829334,-0.1755775772035122,0.7151346206665039,0.8860623240470886,8.032657206058502e-09
15,missing,positive,0.4685620591044426,0.08544573653489351,0.010088935727253556,0.8671066462993622,0.18379522673785686,-0.10756115429103374,0.32196560502052307,0.8860623240470886,4.21423465013504e-08
16,mean,negative,0.9129505455493927,-0.0024211382842622697,-0.0003856340190395713,-2.7224729359149933,0.05112890526652336,-0.13669383083470166,0.05997477099299431,0.970118522644043,4.022149369120598e-08
16,missing,negative,0.5853145569562912,0.007413834624458104,0.037858160212635994,-2.1357325315475464,0.011478887288831174,-0.15909741073846817,0.3395319879055023,0.970118522644043,4.685716703534126e-08
17,mean,positive,0.31126274913549423,-0.07429521437734365,-0.030647834995761514,0.9224852323532104,-0.09783806465566158,-0.1513838730752468,0.7155538201332092,0.9218735098838806,1.0011717677116394e-08
17,missing,positive,0.5857845917344093,-8.406245615333319e-05,0.014207373489625752,1.3208636343479156,-0.0020411740988492966,-0.016064294934039935,0.32196560502052307,0.9218735098838806,2.7706846594810486e-08
18,mean,negative,0.4313366003334522,0.0057206416968256235,-0.043035867623984814,-0.9960351586341858,0.03636960685253143,-0.28183256834745407,0.06438317149877548,0.458404541015625,1.234002411365509e-08
18,missing,negative,0.021723733050748706,0.04484075400978327,0.05230806861072779,-0.20882662385702133,0.004809094127267599,-0.3693791292607784,0.3395319879055023,0.458404541015625,2.561137080192566e-09
19,mean,negative,0.46751047670841217,-0.005901967553654686,-0.06095830234698951,-0.9160834401845932,0.03878239635378122,0.20637968368828297,0.05733666196465492,0.45798686146736145,3.5797711461782455e-09
19,missing,negative,0.10172917880117893,0.012375404709018767,0.004350294679170474,-0.13067189324647188,0.010772228240966797,0.15333943720906973,0.3395319879055023,0.45798686146736145,4.627509042620659e-09
20,mean,positive,0.12459771148860455,-0.015559216451947577,0.018412749283015728,0.22870901599526405,-0.03080424794461578,-0.02888214774429798,0.7405753135681152,0.8680265545845032,3.3032847568392754e-09
20,missing,positive,0.4246871992945671,0.03385414241347462,0.0875196186825633,0.6824491396546364,0.12178462278097868,0.06449147313833237,0.32196560502052307,0.8680265545845032,4.062894731760025e-08
