relative_path,category,size_bytes,sha256,format,sample_count,pipeline_usage,pkl_top_keys,pkl_shapes,pkl_dtypes,notes
data/raw/E题数据.zip,raw_archive,1884355282,f895003abeb3e972e69ef9c457032720cbcb8ecd3d2261a0e30bc15667604acb,zip,all_4850_plus_special,raw_source_archive,,,,Original read-only compressed dataset archive (SHA-256 verified against official check)
data/raw/extracted/E题数据/附件1-数据集原始多模态样本/MOSEI数据集部分原始视频-100条/-3g5yACwYnA/13.mp4,attachment1_video,1052449,aeb47627f59dce3d0a85a44ef35e4a3bc18211498e98c8c11cf60269646df24f,mp4,1,primary_pipeline,,,,Attachment 1 original video: -3g5yACwYnA/13.mp4
data/raw/extracted/E题数据/附件1-数据集原始多模态样本/MOSEI数据集部分原始视频-100条/-3g5yACwYnA/2.mp4,attachment1_video,1752558,0619c01f137d017c15c058176f18a575919189c7e81ebd2bfb993afdb86f3de7,mp4,1,primary_pipeline,,,,Attachment 1 original video: -3g5yACwYnA/2.mp4
data/raw/extracted/E题数据/附件1-数据集原始多模态样本/MOSEI数据集部分原始视频-100条/-3g5yACwYnA/3.mp4,attachment1_video,2322206,eff8cfefba2425155f2b72656829b34b23be8bfe1dcbece384154f56818aa26d,mp4,1,primary_pipeline,,,,Attachment 1 original video: -3g5yACwYnA/3.mp4
data/raw/extracted/E题数据/附件1-数据集原始多模态样本/MOSEI数据集部分原始视频-100条/-3g5yACwYnA/9.mp4,attachment1_video,1938491,b962573b12ed1f06d5533f6427c80dce2bae3a99dd332f6d3fcb32c579f3f016,mp4,1,primary_pipeline,,,,Attachment 1 original video: -3g5yACwYnA/9.mp4
data/raw/extracted/E题数据/附件1-数据集原始多模态样本/MOSEI数据集部分原始视频-100条/-3nNcZdcdvU/5.mp4,attachment1_video,336985,7ea53ad502b77be7d2ee4494dc23a9478c897792203cf887d546e83d584c1728,mp4,1,primary_pipeline,,,,Attachment 1 original video: -3nNcZdcdvU/5.mp4
data/raw/extracted/E题数据/附件1-数据集原始多模态样本/MOSEI数据集部分原始视频-100条/-571d8cVauQ/0.mp4,attachment1_video,259577,defc62e1530d9b0cd27f2acfe042b71dd84d7e8c85f1df261f04912091976088,mp4,1,primary_pipeline,,,,Attachment 1 original video: -571d8cVauQ/0.mp4
data/raw/extracted/E题数据/附件1-数据集原始多模态样本/MOSEI数据集部分原始视频-100条/-571d8cVauQ/5.mp4,attachment1_video,813771,e304c03fac1f477823fe0926c4fb421b9c4e4091f85718b729afe856c24a7d3e,mp4,1,primary_pipeline,,,,Attachment 1 original video: -571d8cVauQ/5.mp4
data/raw/extracted/E题数据/附件1-数据集原始多模态样本/MOSEI数据集部分原始视频-100条/-6rXp3zJ3kc/8.mp4,attachment1_video,567350,59b77a0f873b7fa95e7327b93d64bb5a4bdae84039321988ef70bba8e63ee1ae,mp4,1,primary_pipeline,,,,Attachment 1 original video: -6rXp3zJ3kc/8.mp4
data/raw/extracted/E题数据/附件1-数据集原始多模态样本/MOSEI数据集部分原始视频-100条/-9y-fZ3swSY/0.mp4,attachment1_video,965453,29a1fd181293cdbe24e50edcad51e3cc0f27a5824d840bcc39d453b272fb6e3c,mp4,1,primary_pipeline,,,,Attachment 1 original video: -9y-fZ3swSY/0.mp4
data/raw/extracted/E题数据/附件1-数据集原始多模态样本/MOSEI数据集部分原始视频-100条/-9y-fZ3swSY/4.mp4,attachment1_video,1486121,fe04a26710e85c58bdaad5a48618c7e0f742d82b0d920eb4a046c8f14a6921dc,mp4,1,primary_pipeline,,,,Attachment 1 original video: -9y-fZ3swSY/4.mp4
data/raw/extracted/E题数据/附件1-数据集原始多模态样本/MOSEI数据集部分原始视频-100条/-9y-fZ3swSY/8.mp4,attachment1_video,1715052,6140d031e614b62a5d8df73346fef2417c28cee3501310aa95aa40d358b4b256,mp4,1,primary_pipeline,,,,Attachment 1 original video: -9y-fZ3swSY/8.mp4
data/raw/extracted/E题数据/附件1-数据集原始多模态样本/MOSEI数据集部分原始视频-100条/-a55Q6RWvTA/3.mp4,attachment1_video,749365,15d029fc15f50b268b98f1e8abc65e45582e638c13a018d7aa74a18373275946,mp4,1,primary_pipeline,,,,Attachment 1 original video: -a55Q6RWvTA/3.mp4
data/raw/extracted/E题数据/附件1-数据集原始多模态样本/MOSEI数据集部分原始视频-100条/-aNfi7CP8vM/7.mp4,attachment1_video,430559,0b6389f45bb966113c65a11998c6e7facdd24c8c42acf2e8cf32e0f2139402e1,mp4,1,primary_pipeline,,,,Attachment 1 original video: -aNfi7CP8vM/7.mp4
data/raw/extracted/E题数据/附件1-数据集原始多模态样本/MOSEI数据集部分原始视频-100条/-aqamKhZ1Ec/0.mp4,attachment1_video,2882018,6f6e674bbba4353399e9e7825217f37e6d8ca1adf9675f33cf37106f31c55548,mp4,1,primary_pipeline,,,,Attachment 1 original video: -aqamKhZ1Ec/0.mp4
data/raw/extracted/E题数据/附件1-数据集原始多模态样本/MOSEI数据集部分原始视频-100条/-AUZQgSxyPQ/2.mp4,attachment1_video,4550251,e09034b30bb4f8fb9f9c2568afc20f2a764e327fe6ef4e13f21804eaac51bb7b,mp4,1,primary_pipeline,,,,Attachment 1 original video: -AUZQgSxyPQ/2.mp4
data/raw/extracted/E题数据/附件1-数据集原始多模态样本/MOSEI数据集部分原始视频-100条/-dxfTGcXJoc/0.mp4,attachment1_video,771408,04bd0be907fb46c613f926fe1b06bc2c3b30881c293156510baa34a4105ade55,mp4,1,primary_pipeline,,,,Attachment 1 original video: -dxfTGcXJoc/0.mp4
data/raw/extracted/E题数据/附件1-数据集原始多模态样本/MOSEI数据集部分原始视频-100条/-dxfTGcXJoc/1.mp4,attachment1_video,658423,b5ffdc98a4a98b8f0aae55dee5fed66a43bcb129f47a250a004c1cc74e572595,mp4,1,primary_pipeline,,,,Attachment 1 original video: -dxfTGcXJoc/1.mp4
data/raw/extracted/E题数据/附件1-数据集原始多模态样本/MOSEI数据集部分原始视频-100条/-dxfTGcXJoc/2.mp4,attachment1_video,675725,46a5e523b5dd00364c99a3bcbc6fae4c80e1382a84b5b5e681c46eb074ed10f7,mp4,1,primary_pipeline,,,,Attachment 1 original video: -dxfTGcXJoc/2.mp4
data/raw/extracted/E题数据/附件1-数据集原始多模态样本/MOSEI数据集部分原始视频-100条/-dxfTGcXJoc/6.mp4,attachment1_video,428971,55c1ff86729ab21da743a5107ed07b220e41b4193cd1c0ba9f009e65c3ab0513,mp4,1,primary_pipeline,,,,Attachment 1 original video: -dxfTGcXJoc/6.mp4
data/raw/extracted/E题数据/附件1-数据集原始多模态样本/MOSEI数据集部分原始视频-100条/-egA8-b7-3M/1.mp4,attachment1_video,658247,589a7989b1b4888568c31614a2d6beefba88fb87289c85b94df2d8051500403b,mp4,1,primary_pipeline,,,,Attachment 1 original video: -egA8-b7-3M/1.mp4
data/raw/extracted/E题数据/附件1-数据集原始多模态样本/MOSEI数据集部分原始视频-100条/-egA8-b7-3M/13.mp4,attachment1_video,394399,cbd627c225ebca37521ae238cb9ec254cad236822f4f37ebfbb039e6c56aea4c,mp4,1,primary_pipeline,,,,Attachment 1 original video: -egA8-b7-3M/13.mp4
data/raw/extracted/E题数据/附件1-数据集原始多模态样本/MOSEI数据集部分原始视频-100条/-egA8-b7-3M/16.mp4,attachment1_video,391465,4c015f85e3bd901ecedde8c0c2ca4a756d9a77dfe4177625c481581f2037ff9c,mp4,1,primary_pipeline,,,,Attachment 1 original video: -egA8-b7-3M/16.mp4
data/raw/extracted/E题数据/附件1-数据集原始多模态样本/MOSEI数据集部分原始视频-100条/-egA8-b7-3M/17.mp4,attachment1_video,774900,f967e81e0edd51c3700671721afb3fbecbbc32652f27d2db40ea444e8d80c68f,mp4,1,primary_pipeline,,,,Attachment 1 original video: -egA8-b7-3M/17.mp4
data/raw/extracted/E题数据/附件1-数据集原始多模态样本/MOSEI数据集部分原始视频-100条/-egA8-b7-3M/18.mp4,attachment1_video,737865,fd4bc95a6adfb16a9588b7ed65cc2812186ce3d607804dc76f4486312951ef90,mp4,1,primary_pipeline,,,,Attachment 1 original video: -egA8-b7-3M/18.mp4
data/raw/extracted/E题数据/附件1-数据集原始多模态样本/MOSEI数据集部分原始视频-100条/-egA8-b7-3M/20.mp4,attachment1_video,823539,719ef133920e74b3ea33925d2bca0270b062199116867568f88ac83cadcd74e8,mp4,1,primary_pipeline,,,,Attachment 1 original video: -egA8-b7-3M/20.mp4
data/raw/extracted/E题数据/附件1-数据集原始多模态样本/MOSEI数据集部分原始视频-100条/-egA8-b7-3M/26.mp4,attachment1_video,688886,11f78aed680ea9c5862a15e04ff6c1f8776c46d29c98b68d28773ff39d959685,mp4,1,primary_pipeline,,,,Attachment 1 original video: -egA8-b7-3M/26.mp4
data/raw/extracted/E题数据/附件1-数据集原始多模态样本/MOSEI数据集部分原始视频-100条/-egA8-b7-3M/6.mp4,attachment1_video,446118,2e88a00d5e55863aa956b4b0949fc0e4f2975ccfd83b3194957f6fca86ecfce0,mp4,1,primary_pipeline,,,,Attachment 1 original video: -egA8-b7-3M/6.mp4
data/raw/extracted/E题数据/附件1-数据集原始多模态样本/MOSEI数据集部分原始视频-100条/-egA8-b7-3M/9.mp4,attachment1_video,581652,bcd643f328616312eae9b28e6c9aabbe8acaec3e4c4be58daeb45e3eee4d973c,mp4,1,primary_pipeline,,,,Attachment 1 original video: -egA8-b7-3M/9.mp4
data/raw/extracted/E题数据/附件1-数据集原始多模态样本/MOSEI数据集部分原始视频-100条/-HeZS2-Prhc/2.mp4,attachment1_video,896960,edb0fa22fdfbd990c8174764af78670bd2ecad799240d35d96a1124a3cd9dc0c,mp4,1,primary_pipeline,,,,Attachment 1 original video: -HeZS2-Prhc/2.mp4
data/raw/extracted/E题数据/附件1-数据集原始多模态样本/MOSEI数据集部分原始视频-100条/-hnBHBN8p5A/6.mp4,attachment1_video,1661111,997f6808ac3973ddd71800e91c8e10755c10b5037186d84348a79e00d672fdc7,mp4,1,primary_pipeline,,,,Attachment 1 original video: -hnBHBN8p5A/6.mp4
data/raw/extracted/E题数据/附件1-数据集原始多模态样本/MOSEI数据集部分原始视频-100条/-hnBHBN8p5A/7.mp4,attachment1_video,1409433,0ec6fb76226315d3fafbb483e3500e60cc8a6729617b10e4b4b76163595080fb,mp4,1,primary_pipeline,,,,Attachment 1 original video: -hnBHBN8p5A/7.mp4
data/raw/extracted/E题数据/附件1-数据集原始多模态样本/MOSEI数据集部分原始视频-100条/-HwX2H8Z4hY/2.mp4,attachment1_video,958873,920a1052c09ebd1eedba6dd1ccfecd80f56f6f0fdcdd1f6dd32b0d90bcb89358,mp4,1,primary_pipeline,,,,Attachment 1 original video: -HwX2H8Z4hY/2.mp4
data/raw/extracted/E题数据/附件1-数据集原始多模态样本/MOSEI数据集部分原始视频-100条/-HwX2H8Z4hY/5.mp4,attachment1_video,1617346,8d61b7f5840a8bd403d9bc6c3cd49029ffc4e304cf9c7834735c1a6bb5fd369d,mp4,1,primary_pipeline,,,,Attachment 1 original video: -HwX2H8Z4hY/5.mp4
data/raw/extracted/E题数据/附件1-数据集原始多模态样本/MOSEI数据集部分原始视频-100条/-HwX2H8Z4hY/6.mp4,attachment1_video,978678,696576dcbd0dc42cb678fa40d8a0f0f419a3072bfa7662d653756ab29bba4c46,mp4,1,primary_pipeline,,,,Attachment 1 original video: -HwX2H8Z4hY/6.mp4
data/raw/extracted/E题数据/附件1-数据集原始多模态样本/MOSEI数据集部分原始视频-100条/-HwX2H8Z4hY/9.mp4,attachment1_video,981914,90c18e627f27a12c14e21ba24c79edf3008762b4ac26874b490ad3f888381702,mp4,1,primary_pipeline,,,,Attachment 1 original video: -HwX2H8Z4hY/9.mp4
data/raw/extracted/E题数据/附件1-数据集原始多模态样本/MOSEI数据集部分原始视频-100条/-I_e4mIh0yE/1.mp4,attachment1_video,487464,8453a966d4bd1f0179eb86a35cd34c0864a3a3bc2fa86f37783060cc0d14f5df,mp4,1,primary_pipeline,,,,Attachment 1 original video: -I_e4mIh0yE/1.mp4
data/raw/extracted/E题数据/附件1-数据集原始多模态样本/MOSEI数据集部分原始视频-100条/-I_e4mIh0yE/3.mp4,attachment1_video,425914,a015f02ae51d74c42ad27e2a0831263a303f0658ac8d984819e27ad61342b23e,mp4,1,primary_pipeline,,,,Attachment 1 original video: -I_e4mIh0yE/3.mp4
data/raw/extracted/E题数据/附件1-数据集原始多模态样本/MOSEI数据集部分原始视频-100条/-iRBcNs9oI8/3.mp4,attachment1_video,988521,39c547acd1a8da2ebc6c6ab008191a5676420398a974cd9611cad087f0ccec50,mp4,1,primary_pipeline,,,,Attachment 1 original video: -iRBcNs9oI8/3.mp4
data/raw/extracted/E题数据/附件1-数据集原始多模态样本/MOSEI数据集部分原始视频-100条/-iRBcNs9oI8/6.mp4,attachment1_video,1286164,030b0b8d8d4ae47799432ab71b66fcc881f077c5b0feef892c1f146dc0a592e3,mp4,1,primary_pipeline,,,,Attachment 1 original video: -iRBcNs9oI8/6.mp4
data/raw/extracted/E题数据/附件1-数据集原始多模态样本/MOSEI数据集部分原始视频-100条/-iRBcNs9oI8/7.mp4,attachment1_video,980176,cc7b1c7a06ec41d72007b5c42fb8036f30b66d5cf76e3f093160c22fc5e38081,mp4,1,primary_pipeline,,,,Attachment 1 original video: -iRBcNs9oI8/7.mp4
data/raw/extracted/E题数据/附件1-数据集原始多模态样本/MOSEI数据集部分原始视频-100条/-iRBcNs9oI8/8.mp4,attachment1_video,1166371,72a49e3da2862addcde033bd2fbae957d086533664ca4dcbccd3a851bcd50412,mp4,1,primary_pipeline,,,,Attachment 1 original video: -iRBcNs9oI8/8.mp4
data/raw/extracted/E题数据/附件1-数据集原始多模态样本/MOSEI数据集部分原始视频-100条/-iRBcNs9oI8/9.mp4,attachment1_video,1084122,352bdcc73d3622d6abac1b09f2039b211d15b9bf7acee66f0b07783c9b7a4c74,mp4,1,primary_pipeline,,,,Attachment 1 original video: -iRBcNs9oI8/9.mp4
data/raw/extracted/E题数据/附件1-数据集原始多模态样本/MOSEI数据集部分原始视频-100条/-lzEya4AM_4/5.mp4,attachment1_video,333185,3b74de8d0e66fd754594f05985e5af3480adcc03555f79225d3b727cb4bed043,mp4,1,primary_pipeline,,,,Attachment 1 original video: -lzEya4AM_4/5.mp4
data/raw/extracted/E题数据/附件1-数据集原始多模态样本/MOSEI数据集部分原始视频-100条/-lzEya4AM_4/6.mp4,attachment1_video,1088736,ff5da5afb551001d58100ed2471caea51c741046d5396957efbf40082307ca18,mp4,1,primary_pipeline,,,,Attachment 1 original video: -lzEya4AM_4/6.mp4
data/raw/extracted/E题数据/附件1-数据集原始多模态样本/MOSEI数据集部分原始视频-100条/-MeTTeMJBNc/0.mp4,attachment1_video,350827,54e2097f7bdb455d243e72254e5af7ed16160739f2f3cfd22f57d2729ec1acbe,mp4,1,primary_pipeline,,,,Attachment 1 original video: -MeTTeMJBNc/0.mp4
data/raw/extracted/E题数据/附件1-数据集原始多模态样本/MOSEI数据集部分原始视频-100条/-MeTTeMJBNc/13.mp4,attachment1_video,271826,80c5d996e5d7b61c58e1fe32d706efcaf80c8c8cddb5c37a5c66d527786c2a44,mp4,1,primary_pipeline,,,,Attachment 1 original video: -MeTTeMJBNc/13.mp4
data/raw/extracted/E题数据/附件1-数据集原始多模态样本/MOSEI数据集部分原始视频-100条/-MeTTeMJBNc/7.mp4,attachment1_video,632477,40716dc7402fd6398038eded58ce939ec76be6afbeea346b968bf4c427088f3a,mp4,1,primary_pipeline,,,,Attachment 1 original video: -MeTTeMJBNc/7.mp4
data/raw/extracted/E题数据/附件1-数据集原始多模态样本/MOSEI数据集部分原始视频-100条/-mJ2ud6oKI8/1.mp4,attachment1_video,1040138,c8e3acb4ca08679796c4c8cdfcd8c2b3cffc0465015efaffa1eccdb55ff4f45b,mp4,1,primary_pipeline,,,,Attachment 1 original video: -mJ2ud6oKI8/1.mp4
data/raw/extracted/E题数据/附件1-数据集原始多模态样本/MOSEI数据集部分原始视频-100条/-mJ2ud6oKI8/2.mp4,attachment1_video,1471617,c41790f8b75f886bd1f5d6d72cbab1985306d0b715e5ae47203f3d0c8a3e7b28,mp4,1,primary_pipeline,,,,Attachment 1 original video: -mJ2ud6oKI8/2.mp4
data/raw/extracted/E题数据/附件1-数据集原始多模态样本/MOSEI数据集部分原始视频-100条/-mJ2ud6oKI8/6.mp4,attachment1_video,562692,134a3a4ebbc423760133b0da0e90cfe84d75ea85df3968000afd84153c5d828d,mp4,1,primary_pipeline,,,,Attachment 1 original video: -mJ2ud6oKI8/6.mp4
data/raw/extracted/E题数据/附件1-数据集原始多模态样本/MOSEI数据集部分原始视频-100条/-mJ2ud6oKI8/8.mp4,attachment1_video,1578317,6af6614c9838417a48c4817f4dd5bf1e6669eb5f78f983e9a68adc113fcdc7cc,mp4,1,primary_pipeline,,,,Attachment 1 original video: -mJ2ud6oKI8/8.mp4
data/raw/extracted/E题数据/附件1-数据集原始多模态样本/MOSEI数据集部分原始视频-100条/-mJ2ud6oKI8/9.mp4,attachment1_video,1788453,df3442f3ed8f894b507923e87e426ae9636790a4a502d00c350a215270cc3e47,mp4,1,primary_pipeline,,,,Attachment 1 original video: -mJ2ud6oKI8/9.mp4
data/raw/extracted/E题数据/附件1-数据集原始多模态样本/MOSEI数据集部分原始视频-100条/-mqbVkbCndg/0.mp4,attachment1_video,517424,cdeba953bba30907814acf72f3e35582dec263eaa25bdd922dad7fafe02e4dda,mp4,1,primary_pipeline,,,,Attachment 1 original video: -mqbVkbCndg/0.mp4
data/raw/extracted/E题数据/附件1-数据集原始多模态样本/MOSEI数据集部分原始视频-100条/-NFrJFQijFE/1.mp4,attachment1_video,1024510,d8fcf16c6eb51c56947ec3d0549c6f3bc7a0cf1fc5f5d89e8b38d4249a08db4f,mp4,1,primary_pipeline,,,,Attachment 1 original video: -NFrJFQijFE/1.mp4
data/raw/extracted/E题数据/附件1-数据集原始多模态样本/MOSEI数据集部分原始视频-100条/-NFrJFQijFE/2.mp4,attachment1_video,1452918,a54a5c144a64f5abd26b19aafa6cea8142ee08e9385fa508fa70c934f6b616c1,mp4,1,primary_pipeline,,,,Attachment 1 original video: -NFrJFQijFE/2.mp4
data/raw/extracted/E题数据/附件1-数据集原始多模态样本/MOSEI数据集部分原始视频-100条/-qDkUB0GgYY/6.mp4,attachment1_video,404331,ab19bf4a761d3919b7113b1104ccaadbbf0c4e7b45694904d094280a2c329c8b,mp4,1,primary_pipeline,,,,Attachment 1 original video: -qDkUB0GgYY/6.mp4
data/raw/extracted/E题数据/附件1-数据集原始多模态样本/MOSEI数据集部分原始视频-100条/-RfYyzHpjk4/11.mp4,attachment1_video,2061678,96e481cd732001239639c8cb4e7f94e570925e5a15940920ffab0cec1f13f904,mp4,1,primary_pipeline,,,,Attachment 1 original video: -RfYyzHpjk4/11.mp4
data/raw/extracted/E题数据/附件1-数据集原始多模态样本/MOSEI数据集部分原始视频-100条/-RfYyzHpjk4/2.mp4,attachment1_video,1138330,5e428ee22de58c9d6561b9b4353bef9dfb811a5841d9ab07b5bc453d697ad17f,mp4,1,primary_pipeline,,,,Attachment 1 original video: -RfYyzHpjk4/2.mp4
data/raw/extracted/E题数据/附件1-数据集原始多模态样本/MOSEI数据集部分原始视频-100条/-RfYyzHpjk4/8.mp4,attachment1_video,2256195,ed8c672c532b8c7d1c830c82d6e2c14fcb3bbd3dc1a86670a03a6c8e83c02f3c,mp4,1,primary_pipeline,,,,Attachment 1 original video: -RfYyzHpjk4/8.mp4
data/raw/extracted/E题数据/附件1-数据集原始多模态样本/MOSEI数据集部分原始视频-100条/-ri04Z7vwnc/0.mp4,attachment1_video,188321,93021c70c8fad20ad3fded80e7fc790a2f9c96835de58a3b694c6906de42684b,mp4,1,primary_pipeline,,,,Attachment 1 original video: -ri04Z7vwnc/0.mp4
data/raw/extracted/E题数据/附件1-数据集原始多模态样本/MOSEI数据集部分原始视频-100条/-ri04Z7vwnc/2.mp4,attachment1_video,460082,f5993ce3a6ee56298462c08692a96f78c7d914d7264257ed401de7d6e17fd148,mp4,1,primary_pipeline,,,,Attachment 1 original video: -ri04Z7vwnc/2.mp4
data/raw/extracted/E题数据/附件1-数据集原始多模态样本/MOSEI数据集部分原始视频-100条/-ri04Z7vwnc/5.mp4,attachment1_video,550439,2a5e4319bf592a18c8eb5117f7c7ec30c6c79528f9eac9fe4fb85bf70f277736,mp4,1,primary_pipeline,,,,Attachment 1 original video: -ri04Z7vwnc/5.mp4
data/raw/extracted/E题数据/附件1-数据集原始多模态样本/MOSEI数据集部分原始视频-100条/-s9qJ7ATP7w/0.mp4,attachment1_video,890272,f2324dbc6debe0d1e4254e6f943523373e3cbb30d8d0555413ce3a7b370a4af5,mp4,1,primary_pipeline,,,,Attachment 1 original video: -s9qJ7ATP7w/0.mp4
data/raw/extracted/E题数据/附件1-数据集原始多模态样本/MOSEI数据集部分原始视频-100条/-s9qJ7ATP7w/1.mp4,attachment1_video,1431603,a33e8f82a185bcb7648b523927308cdc2142e3076479ba2b45cd0e828636fc09,mp4,1,primary_pipeline,,,,Attachment 1 original video: -s9qJ7ATP7w/1.mp4
data/raw/extracted/E题数据/附件1-数据集原始多模态样本/MOSEI数据集部分原始视频-100条/-s9qJ7ATP7w/4.mp4,attachment1_video,639360,76e0672ffce5857a789b41fb10606402f7da58c33579b1032a8282f86fb35bc9,mp4,1,primary_pipeline,,,,Attachment 1 original video: -s9qJ7ATP7w/4.mp4
data/raw/extracted/E题数据/附件1-数据集原始多模态样本/MOSEI数据集部分原始视频-100条/-s9qJ7ATP7w/5.mp4,attachment1_video,1432255,bd35eb8de64ce1f8b27921294598f7cf5bb971255738f51d06458c7096c58eae,mp4,1,primary_pipeline,,,,Attachment 1 original video: -s9qJ7ATP7w/5.mp4
data/raw/extracted/E题数据/附件1-数据集原始多模态样本/MOSEI数据集部分原始视频-100条/-s9qJ7ATP7w/6.mp4,attachment1_video,839808,40b684fd1b4559f0f82e72f9b47f4ce7c5e15059fe8d0d8ab112637cd3386451,mp4,1,primary_pipeline,,,,Attachment 1 original video: -s9qJ7ATP7w/6.mp4
data/raw/extracted/E题数据/附件1-数据集原始多模态样本/MOSEI数据集部分原始视频-100条/-s9qJ7ATP7w/7.mp4,attachment1_video,1601944,5301f4403cf7cd299cc525d2f443392ac70fd70c3c9cd4a09406f2ba4df6734d,mp4,1,primary_pipeline,,,,Attachment 1 original video: -s9qJ7ATP7w/7.mp4
data/raw/extracted/E题数据/附件1-数据集原始多模态样本/MOSEI数据集部分原始视频-100条/-s9qJ7ATP7w/8.mp4,attachment1_video,781494,1de4d91bd9d9fb508a3779658747da88460db0bdb1beefe7ea5b2c77edfd2239,mp4,1,primary_pipeline,,,,Attachment 1 original video: -s9qJ7ATP7w/8.mp4
data/raw/extracted/E题数据/附件1-数据集原始多模态样本/MOSEI数据集部分原始视频-100条/-t217m2on-s/2.mp4,attachment1_video,282834,6713a983112173204502dc5adbb886bc6c38554b4627698611931420c47663a8,mp4,1,primary_pipeline,,,,Attachment 1 original video: -t217m2on-s/2.mp4
data/raw/extracted/E题数据/附件1-数据集原始多模态样本/MOSEI数据集部分原始视频-100条/-t217m2on-s/7.mp4,attachment1_video,648501,41c76b8a733ecb780d56348f55d00f0ba0c07f44f46e93044e62d876710180b7,mp4,1,primary_pipeline,,,,Attachment 1 original video: -t217m2on-s/7.mp4
data/raw/extracted/E题数据/附件1-数据集原始多模态样本/MOSEI数据集部分原始视频-100条/-tANM6ETl_M/3.mp4,attachment1_video,1547930,6d3af064c060dad3816a9e1dfa00101faebd8b7da7d8ceea85b0bc0fca70abd6,mp4,1,primary_pipeline,,,,Attachment 1 original video: -tANM6ETl_M/3.mp4
data/raw/extracted/E题数据/附件1-数据集原始多模态样本/MOSEI数据集部分原始视频-100条/-THoVjtIkeU/12.mp4,attachment1_video,1262553,e2f148f4f2e74724dc13b3ce870a0ce6a06740cfc224f5a9b3d0a870b196e7d4,mp4,1,primary_pipeline,,,,Attachment 1 original video: -THoVjtIkeU/12.mp4
data/raw/extracted/E题数据/附件1-数据集原始多模态样本/MOSEI数据集部分原始视频-100条/-THoVjtIkeU/2.mp4,attachment1_video,347917,35a6c2464ffd68dd96411edb5dc2763f0efb59f264c1d8b737e616fa6b0d1d5b,mp4,1,primary_pipeline,,,,Attachment 1 original video: -THoVjtIkeU/2.mp4
data/raw/extracted/E题数据/附件1-数据集原始多模态样本/MOSEI数据集部分原始视频-100条/-THoVjtIkeU/6.mp4,attachment1_video,801802,efaa55ee6394032c867046690a92c29edfd825005f0a090cca5ccb763b227f64,mp4,1,primary_pipeline,,,,Attachment 1 original video: -THoVjtIkeU/6.mp4
data/raw/extracted/E题数据/附件1-数据集原始多模态样本/MOSEI数据集部分原始视频-100条/-tPCytz4rww/10.mp4,attachment1_video,512248,758183192cbd5f0f20823d26ece3ddee40dec0aadec35247b2495510a53f52f8,mp4,1,primary_pipeline,,,,Attachment 1 original video: -tPCytz4rww/10.mp4
data/raw/extracted/E题数据/附件1-数据集原始多模态样本/MOSEI数据集部分原始视频-100条/-tPCytz4rww/11.mp4,attachment1_video,361198,6dc09d02467baaef67594ff32cffb01f8ed1565cda4c5abd161b8261a51e2e5d,mp4,1,primary_pipeline,,,,Attachment 1 original video: -tPCytz4rww/11.mp4
data/raw/extracted/E题数据/附件1-数据集原始多模态样本/MOSEI数据集部分原始视频-100条/-tPCytz4rww/12.mp4,attachment1_video,831948,e3c7f9cd67ad2d20fef997696dc278361f97f027db58762e22104e5720d509d5,mp4,1,primary_pipeline,,,,Attachment 1 original video: -tPCytz4rww/12.mp4
data/raw/extracted/E题数据/附件1-数据集原始多模态样本/MOSEI数据集部分原始视频-100条/-tPCytz4rww/16.mp4,attachment1_video,550547,8b3f82f9628792eebaf8c227becc2ebeba59bb8abb668bcca86e07fb1a992a93,mp4,1,primary_pipeline,,,,Attachment 1 original video: -tPCytz4rww/16.mp4
data/raw/extracted/E题数据/附件1-数据集原始多模态样本/MOSEI数据集部分原始视频-100条/-tPCytz4rww/18.mp4,attachment1_video,625292,eece70451e9c37a4b5f375bf646f66e09113fe3467f35bf1720cc14d986c1776,mp4,1,primary_pipeline,,,,Attachment 1 original video: -tPCytz4rww/18.mp4
data/raw/extracted/E题数据/附件1-数据集原始多模态样本/MOSEI数据集部分原始视频-100条/-UacrmKiTn4/10.mp4,attachment1_video,486491,00312e0602dbeac970de5d7dd0e8a970e514fe45d7fe6625b4f454b299e36360,mp4,1,primary_pipeline,,,,Attachment 1 original video: -UacrmKiTn4/10.mp4
data/raw/extracted/E题数据/附件1-数据集原始多模态样本/MOSEI数据集部分原始视频-100条/-UacrmKiTn4/4.mp4,attachment1_video,249701,a7f2ab0d6ee2e2a2d5cd4239f03e6cac67c618ddb744891323df3ff87e29af84,mp4,1,primary_pipeline,,,,Attachment 1 original video: -UacrmKiTn4/4.mp4
data/raw/extracted/E题数据/附件1-数据集原始多模态样本/MOSEI数据集部分原始视频-100条/-UUCSKoHeMA/0.mp4,attachment1_video,286208,3f9792888ec8e969f61cfb6cb4de7bdf7ef8944afe0a9d2a9d13586e1f13b898,mp4,1,primary_pipeline,,,,Attachment 1 original video: -UUCSKoHeMA/0.mp4
data/raw/extracted/E题数据/附件1-数据集原始多模态样本/MOSEI数据集部分原始视频-100条/-UuX1xuaiiE/0.mp4,attachment1_video,654518,f578b305d53bc152702f5e771de0fcd12d1e9aaefc5cefce3d2082a417aab7c8,mp4,1,primary_pipeline,,,,Attachment 1 original video: -UuX1xuaiiE/0.mp4
data/raw/extracted/E题数据/附件1-数据集原始多模态样本/MOSEI数据集部分原始视频-100条/-UuX1xuaiiE/1.mp4,attachment1_video,2032933,d5bbda38fcec15817d2b87bab5dcc559d6d425f7d28a82e6c32d13f14b48650c,mp4,1,primary_pipeline,,,,Attachment 1 original video: -UuX1xuaiiE/1.mp4
data/raw/extracted/E题数据/附件1-数据集原始多模态样本/MOSEI数据集部分原始视频-100条/-UuX1xuaiiE/3.mp4,attachment1_video,1424269,eddb408f25bdc13e6de2fb74caeed709cb7a8f00640e7897135330437f66a2aa,mp4,1,primary_pipeline,,,,Attachment 1 original video: -UuX1xuaiiE/3.mp4
data/raw/extracted/E题数据/附件1-数据集原始多模态样本/MOSEI数据集部分原始视频-100条/-UuX1xuaiiE/6.mp4,attachment1_video,1662602,f0131ac00e44410fbd32c547a0d421c2791172434fc0203bb969abe14a530532,mp4,1,primary_pipeline,,,,Attachment 1 original video: -UuX1xuaiiE/6.mp4
data/raw/extracted/E题数据/附件1-数据集原始多模态样本/MOSEI数据集部分原始视频-100条/-uywlfIYOS8/4.mp4,attachment1_video,557194,fde46f5222cf5cfec7af9c93214c972ce2d686b0bf9c90a291021601968986f9,mp4,1,primary_pipeline,,,,Attachment 1 original video: -uywlfIYOS8/4.mp4
data/raw/extracted/E题数据/附件1-数据集原始多模态样本/MOSEI数据集部分原始视频-100条/-vxjVxOeScU/4.mp4,attachment1_video,431202,00282df9a314394f19d616d561bd1916d1d30dca4c814dfb43630ca164f4c719,mp4,1,primary_pipeline,,,,Attachment 1 original video: -vxjVxOeScU/4.mp4
data/raw/extracted/E题数据/附件1-数据集原始多模态样本/MOSEI数据集部分原始视频-100条/-wMB_hJL-3o/7.mp4,attachment1_video,264692,04a73d73fd150b07edab8e652fd14c9cb4a0f6e017ea97b17e8146e377b9fae7,mp4,1,primary_pipeline,,,,Attachment 1 original video: -wMB_hJL-3o/7.mp4
data/raw/extracted/E题数据/附件1-数据集原始多模态样本/MOSEI数据集部分原始视频-100条/-wny0OAz3g8/0.mp4,attachment1_video,458092,1cc21b4432e2f4b592284ee40558a18acc7d208019117aebdb2f6a1b67ea198d,mp4,1,primary_pipeline,,,,Attachment 1 original video: -wny0OAz3g8/0.mp4
data/raw/extracted/E题数据/附件1-数据集原始多模态样本/MOSEI数据集部分原始视频-100条/-wny0OAz3g8/1.mp4,attachment1_video,1001717,c5535859f129ce04da5f5b5104d02d4168057b9d947a5349d423278ad4f3d8e8,mp4,1,primary_pipeline,,,,Attachment 1 original video: -wny0OAz3g8/1.mp4
data/raw/extracted/E题数据/附件1-数据集原始多模态样本/MOSEI数据集部分原始视频-100条/-wny0OAz3g8/2.mp4,attachment1_video,1365442,1825fb37db2e914fb616cd80aebd613afd873eecb7edd4d0b53158bfda0e522a,mp4,1,primary_pipeline,,,,Attachment 1 original video: -wny0OAz3g8/2.mp4
data/raw/extracted/E题数据/附件1-数据集原始多模态样本/MOSEI数据集部分原始视频-100条/-wny0OAz3g8/3.mp4,attachment1_video,1314050,ea917c506bc9fa39460f2b722f7c416f646312bb17cd74baa618905b54837bce,mp4,1,primary_pipeline,,,,Attachment 1 original video: -wny0OAz3g8/3.mp4
data/raw/extracted/E题数据/附件1-数据集原始多模态样本/MOSEI数据集部分原始视频-100条/-wny0OAz3g8/5.mp4,attachment1_video,1349104,6c6a8a4cba654b25190ab1793bfae81c3d2159ecd6cbc02d3fcbd598543acce0,mp4,1,primary_pipeline,,,,Attachment 1 original video: -wny0OAz3g8/5.mp4
data/raw/extracted/E题数据/附件1-数据集原始多模态样本/MOSEI数据集部分原始视频-100条/-wny0OAz3g8/7.mp4,attachment1_video,1016813,cbf9cac1048ce191aef781d0c4563eb97f9f3ddd52eb1f9551fa78d31d70e7cd,mp4,1,primary_pipeline,,,,Attachment 1 original video: -wny0OAz3g8/7.mp4
data/raw/extracted/E题数据/附件1-数据集原始多模态样本/MOSEI数据集部分原始视频-100条/-wny0OAz3g8/9.mp4,attachment1_video,1322886,b76f70fe783ee76bf1b637137226c98e67d13a6b15ec725894175b36cd76a136,mp4,1,primary_pipeline,,,,Attachment 1 original video: -wny0OAz3g8/9.mp4
data/raw/extracted/E题数据/附件1-数据集原始多模态样本/MOSEI数据集部分原始视频-100条/-yRb-Jum7EQ/1.mp4,attachment1_video,5017520,2f16da1baa8660e5bfc608f5237cdd59725d16e57a19bc02c4556cd2c7129a46,mp4,1,primary_pipeline,,,,Attachment 1 original video: -yRb-Jum7EQ/1.mp4
data/raw/extracted/E题数据/附件1-数据集原始多模态样本/MOSEI数据集部分原始视频-100条/-yRb-Jum7EQ/5.mp4,attachment1_video,1599984,6d6145293cf84d1fc8324dfa8d39465e2d7fc07affb67ff68deeabf6e3c410d9,mp4,1,primary_pipeline,,,,Attachment 1 original video: -yRb-Jum7EQ/5.mp4
data/raw/extracted/E题数据/附件1-数据集原始多模态样本/MOSEI数据集部分原始视频-100条/-yRb-Jum7EQ/6.mp4,attachment1_video,1779127,b51eb9ad06de804934cb6a315de591ba9ff7f8aa71bffff7f8001ab29945d989,mp4,1,primary_pipeline,,,,Attachment 1 original video: -yRb-Jum7EQ/6.mp4
data/raw/extracted/E题数据/附件1-数据集原始多模态样本/MOSEI数据集部分原始视频-100条/label-100.xlsx,attachment1_metadata,19776,827334f782b1f242c84ad944a657bc7f7c63643f71ae9c977811a3eecdd3ab33,xlsx,100,primary_pipeline,,,,Attachment 1 video annotations (sheet 'label' and '修改说明')
data/raw/extracted/E题数据/附件2-数据集特征文件/aligned_50.pkl,attachment2_standard,993842861,66e867aa74bc70a844e806e5571e371c9abb4a35f9e2887ce9b4d97ff2cb8fcd,pkl,4850,primary_pipeline,"train,valid,test","train.raw_text:[3395];train.audio:[3395, 50, 74];train.vision:[3395, 50, 35];train.id:len=3395;train.text_bert:[3395, 3, 50];train.classification_labels:[3395];train.regression_labels:[3395];train.text:[3395, 50, 768];valid.raw_text:[728];valid.audio:[728, 50, 74];valid.vision:[728, 50, 35];valid.id:len=728",train.raw_text:<U1662;train.audio:float64;train.vision:float64;train.id:list;train.text_bert:int64;train.classification_labels:float64;train.regression_labels:float64;train.text:float32;valid.raw_text:<U1570;valid.audio:float64;valid.vision:float64;valid.id:list,CMU-MOSEI standardized aligned 50-step features (train/valid/test)
data/raw/extracted/E题数据/附件2-数据集特征文件/label.xlsx,attachment2_standard,423826,0d6351ace01a2edee8861b21b2893c82d916d2a3e8b69d3b4f832ca841349875,xlsx,4850,reference_metadata,,,,Attachment 2 label table
data/raw/extracted/E题数据/附件2-数据集特征文件/unaligned_50.pkl,attachment2_standard,2897003035,77eda14a06be9749a96c52ae45470c7cffcfa7219011eae391d231a0664c3762,pkl,4850,not_used_in_primary_pipeline,"train,valid,test","train.raw_text:[3395];train.audio:[3395, 500, 74];train.vision:[3395, 500, 35];train.id:len=3395;train.text_bert:[3395, 3, 50];train.classification_labels:[3395];train.regression_labels:[3395];train.text:[3395, 50, 768];train.audio_lengths:len=3395;train.vision_lengths:len=3395;valid.raw_text:[728];valid.audio:[728, 500, 74]",train.raw_text:<U1662;train.audio:float64;train.vision:float64;train.id:list;train.text_bert:int64;train.classification_labels:float64;train.regression_labels:float64;train.text:float32;train.audio_lengths:list;train.vision_lengths:list;valid.raw_text:<U1570;valid.audio:float64,CMU-MOSEI unaligned features (500 steps audio/vision); project strictly uses aligned_50
data/raw/extracted/E题数据/附件3-模态缺失特征样本/对齐版本/附件3_01.pkl,attachment3_missing_aligned,50942,b45b89a7eea55278abb130d44a6ee21128df5aa3239e68c968f9ac7743cfa0ea,pkl,1,primary_pipeline,test,"test.text_bert:[1, 3, 50];test.vision:[1, 50, 35];test.audio:[1, 50, 74]",test.text_bert:float32;test.vision:float32;test.audio:float32,Attachment 3 missing modality aligned test sample: 附件3_01.pkl
data/raw/extracted/E题数据/附件3-模态缺失特征样本/对齐版本/附件3_02.pkl,attachment3_missing_aligned,50942,6a628897c4b8c5e94e37f23bce680aad500fa8545414234f3564a58577c1023b,pkl,1,primary_pipeline,test,"test.text_bert:[1, 3, 50];test.vision:[1, 50, 35];test.audio:[1, 50, 74]",test.text_bert:float32;test.vision:float32;test.audio:float32,Attachment 3 missing modality aligned test sample: 附件3_02.pkl
data/raw/extracted/E题数据/附件3-模态缺失特征样本/对齐版本/附件3_03.pkl,attachment3_missing_aligned,50942,52bb6e11f4bba301e1bd90916dc9ad3a0d2d0885fec4598e3e737e2c4d100b6f,pkl,1,primary_pipeline,test,"test.text_bert:[1, 3, 50];test.vision:[1, 50, 35];test.audio:[1, 50, 74]",test.text_bert:float32;test.vision:float32;test.audio:float32,Attachment 3 missing modality aligned test sample: 附件3_03.pkl
data/raw/extracted/E题数据/附件3-模态缺失特征样本/对齐版本/附件3_04.pkl,attachment3_missing_aligned,50942,ee1f4781ee7b7bc37e71a13e4bc53eedc8327d96a69c246964d0e84a8aa99f72,pkl,1,primary_pipeline,test,"test.text_bert:[1, 3, 50];test.vision:[1, 50, 35];test.audio:[1, 50, 74]",test.text_bert:float32;test.vision:float32;test.audio:float32,Attachment 3 missing modality aligned test sample: 附件3_04.pkl
data/raw/extracted/E题数据/附件3-模态缺失特征样本/对齐版本/附件3_05.pkl,attachment3_missing_aligned,50942,9f8e5bae8488d8ee1576b1686864b7d8fc9970cfa720758fb040b9293b7e3619,pkl,1,primary_pipeline,test,"test.text_bert:[1, 3, 50];test.vision:[1, 50, 35];test.audio:[1, 50, 74]",test.text_bert:float32;test.vision:float32;test.audio:float32,Attachment 3 missing modality aligned test sample: 附件3_05.pkl
data/raw/extracted/E题数据/附件3-模态缺失特征样本/对齐版本/附件3_06.pkl,attachment3_missing_aligned,50942,9e973621f141b1af24fc3686ac329a10b66ba2b84d18c21918e86bf0429f790d,pkl,1,primary_pipeline,test,"test.text_bert:[1, 3, 50];test.vision:[1, 50, 35];test.audio:[1, 50, 74]",test.text_bert:float32;test.vision:float32;test.audio:float32,Attachment 3 missing modality aligned test sample: 附件3_06.pkl
data/raw/extracted/E题数据/附件3-模态缺失特征样本/对齐版本/附件3_07.pkl,attachment3_missing_aligned,50942,62dd394e23c80af2898e039d7eb6f47556d747887331fa2853dad72e13bb223b,pkl,1,primary_pipeline,test,"test.text_bert:[1, 3, 50];test.vision:[1, 50, 35];test.audio:[1, 50, 74]",test.text_bert:float32;test.vision:float32;test.audio:float32,Attachment 3 missing modality aligned test sample: 附件3_07.pkl
data/raw/extracted/E题数据/附件3-模态缺失特征样本/对齐版本/附件3_08.pkl,attachment3_missing_aligned,50942,e668faea97f9a338051c19ee66383df799b2e461d6d079df8c5f92b32bd6437e,pkl,1,primary_pipeline,test,"test.text_bert:[1, 3, 50];test.vision:[1, 50, 35];test.audio:[1, 50, 74]",test.text_bert:float32;test.vision:float32;test.audio:float32,Attachment 3 missing modality aligned test sample: 附件3_08.pkl
data/raw/extracted/E题数据/附件3-模态缺失特征样本/对齐版本/附件3_09.pkl,attachment3_missing_aligned,50942,ef57769eaa05f53a7d588948d565876356898658d9945202058ca763e53748b2,pkl,1,primary_pipeline,test,"test.text_bert:[1, 3, 50];test.vision:[1, 50, 35];test.audio:[1, 50, 74]",test.text_bert:float32;test.vision:float32;test.audio:float32,Attachment 3 missing modality aligned test sample: 附件3_09.pkl
data/raw/extracted/E题数据/附件3-模态缺失特征样本/对齐版本/附件3_10.pkl,attachment3_missing_aligned,50942,7c87d84d69e0e68b9252c9839747558d07a91fd2d079a9a0850683d0d197241e,pkl,1,primary_pipeline,test,"test.text_bert:[1, 3, 50];test.vision:[1, 50, 35];test.audio:[1, 50, 74]",test.text_bert:float32;test.vision:float32;test.audio:float32,Attachment 3 missing modality aligned test sample: 附件3_10.pkl
data/raw/extracted/E题数据/附件3-模态缺失特征样本/对齐版本/附件3_11.pkl,attachment3_missing_aligned,50942,10e9d5443cecf2de9170deaa56995de0cf9c52580a74cd334de8fea0e4a735f2,pkl,1,primary_pipeline,test,"test.text_bert:[1, 3, 50];test.vision:[1, 50, 35];test.audio:[1, 50, 74]",test.text_bert:float32;test.vision:float32;test.audio:float32,Attachment 3 missing modality aligned test sample: 附件3_11.pkl
data/raw/extracted/E题数据/附件3-模态缺失特征样本/对齐版本/附件3_12.pkl,attachment3_missing_aligned,50942,d0342f4931a05e40fb0a3220010f1ac801a2f06d123bc4d9a7dc5355794347ba,pkl,1,primary_pipeline,test,"test.text_bert:[1, 3, 50];test.vision:[1, 50, 35];test.audio:[1, 50, 74]",test.text_bert:float32;test.vision:float32;test.audio:float32,Attachment 3 missing modality aligned test sample: 附件3_12.pkl
data/raw/extracted/E题数据/附件3-模态缺失特征样本/对齐版本/附件3_13.pkl,attachment3_missing_aligned,50942,9e2144ab4385636b259d9e358c7e511be5242c89340f894473317b7757f218b7,pkl,1,primary_pipeline,test,"test.text_bert:[1, 3, 50];test.vision:[1, 50, 35];test.audio:[1, 50, 74]",test.text_bert:float32;test.vision:float32;test.audio:float32,Attachment 3 missing modality aligned test sample: 附件3_13.pkl
data/raw/extracted/E题数据/附件3-模态缺失特征样本/对齐版本/附件3_14.pkl,attachment3_missing_aligned,50942,f6d45e8fa882062f70fd48ee1f7584b0a75ea0ed1c85a9eb218684e954dc1b82,pkl,1,primary_pipeline,test,"test.text_bert:[1, 3, 50];test.vision:[1, 50, 35];test.audio:[1, 50, 74]",test.text_bert:float32;test.vision:float32;test.audio:float32,Attachment 3 missing modality aligned test sample: 附件3_14.pkl
data/raw/extracted/E题数据/附件3-模态缺失特征样本/对齐版本/附件3_15.pkl,attachment3_missing_aligned,50942,263b960d4d66b25a3db447fb7a16aee7b7d735e8bee3fe55c7869ad3103bf9d4,pkl,1,primary_pipeline,test,"test.text_bert:[1, 3, 50];test.vision:[1, 50, 35];test.audio:[1, 50, 74]",test.text_bert:float32;test.vision:float32;test.audio:float32,Attachment 3 missing modality aligned test sample: 附件3_15.pkl
data/raw/extracted/E题数据/附件3-模态缺失特征样本/对齐版本/附件3_16.pkl,attachment3_missing_aligned,50942,df8b4c881e3fc971d532988bbd161d8d9bf8c5d16c3e7a559bb7a4045e96547f,pkl,1,primary_pipeline,test,"test.text_bert:[1, 3, 50];test.vision:[1, 50, 35];test.audio:[1, 50, 74]",test.text_bert:float32;test.vision:float32;test.audio:float32,Attachment 3 missing modality aligned test sample: 附件3_16.pkl
data/raw/extracted/E题数据/附件3-模态缺失特征样本/对齐版本/附件3_17.pkl,attachment3_missing_aligned,50942,b6c64a55fb8050cb9fda15b0245df8f16b20d2a25d9368485dd1229e213fdba5,pkl,1,primary_pipeline,test,"test.text_bert:[1, 3, 50];test.vision:[1, 50, 35];test.audio:[1, 50, 74]",test.text_bert:float32;test.vision:float32;test.audio:float32,Attachment 3 missing modality aligned test sample: 附件3_17.pkl
data/raw/extracted/E题数据/附件3-模态缺失特征样本/对齐版本/附件3_18.pkl,attachment3_missing_aligned,50942,dc8eb37586b93bdd4debe895041275fdabb94c3392bde667b4e0ccdc6429fab1,pkl,1,primary_pipeline,test,"test.text_bert:[1, 3, 50];test.vision:[1, 50, 35];test.audio:[1, 50, 74]",test.text_bert:float32;test.vision:float32;test.audio:float32,Attachment 3 missing modality aligned test sample: 附件3_18.pkl
data/raw/extracted/E题数据/附件3-模态缺失特征样本/对齐版本/附件3_19.pkl,attachment3_missing_aligned,50942,d3a912bc3c70b60c1021babc521f28a6a34f9e916c164ad0191182e587c2385a,pkl,1,primary_pipeline,test,"test.text_bert:[1, 3, 50];test.vision:[1, 50, 35];test.audio:[1, 50, 74]",test.text_bert:float32;test.vision:float32;test.audio:float32,Attachment 3 missing modality aligned test sample: 附件3_19.pkl
data/raw/extracted/E题数据/附件3-模态缺失特征样本/对齐版本/附件3_20.pkl,attachment3_missing_aligned,50942,bf24c7189bba3904e911dd452266078d8ff15768438a9069e6596ff73a4b925e,pkl,1,primary_pipeline,test,"test.text_bert:[1, 3, 50];test.vision:[1, 50, 35];test.audio:[1, 50, 74]",test.text_bert:float32;test.vision:float32;test.audio:float32,Attachment 3 missing modality aligned test sample: 附件3_20.pkl
data/raw/extracted/E题数据/附件3-模态缺失特征样本/对齐版本/附件3_21.pkl,attachment3_missing_aligned,50942,c0605bd5757ff0c5dea345c96236ed7168ff976d37843572143efe11d6454600,pkl,1,primary_pipeline,test,"test.text_bert:[1, 3, 50];test.vision:[1, 50, 35];test.audio:[1, 50, 74]",test.text_bert:float32;test.vision:float32;test.audio:float32,Attachment 3 missing modality aligned test sample: 附件3_21.pkl
data/raw/extracted/E题数据/附件3-模态缺失特征样本/对齐版本/附件3_22.pkl,attachment3_missing_aligned,50942,6f9dc33f9d3e5680ee3a3b2b0c53b1bac51fb98f1d75375a2cb1224cd7bd4d43,pkl,1,primary_pipeline,test,"test.text_bert:[1, 3, 50];test.vision:[1, 50, 35];test.audio:[1, 50, 74]",test.text_bert:float32;test.vision:float32;test.audio:float32,Attachment 3 missing modality aligned test sample: 附件3_22.pkl
data/raw/extracted/E题数据/附件3-模态缺失特征样本/对齐版本/附件3_23.pkl,attachment3_missing_aligned,50942,5200bd05e2611777875eb1d88826bb56bb71dee4c708fec9d9f851222d243aae,pkl,1,primary_pipeline,test,"test.text_bert:[1, 3, 50];test.vision:[1, 50, 35];test.audio:[1, 50, 74]",test.text_bert:float32;test.vision:float32;test.audio:float32,Attachment 3 missing modality aligned test sample: 附件3_23.pkl
data/raw/extracted/E题数据/附件3-模态缺失特征样本/对齐版本/附件3_24.pkl,attachment3_missing_aligned,50942,76b1c126e2043f90afd5af00d51299bc8f5bf1bee8148f5ff904ccbeb931a5e5,pkl,1,primary_pipeline,test,"test.text_bert:[1, 3, 50];test.vision:[1, 50, 35];test.audio:[1, 50, 74]",test.text_bert:float32;test.vision:float32;test.audio:float32,Attachment 3 missing modality aligned test sample: 附件3_24.pkl
data/raw/extracted/E题数据/附件3-模态缺失特征样本/对齐版本/附件3_25.pkl,attachment3_missing_aligned,50942,88d52e2d0b0229ad6ec638e6e7463f6852f127ae9308fbee1cbc2405d8ebc4c8,pkl,1,primary_pipeline,test,"test.text_bert:[1, 3, 50];test.vision:[1, 50, 35];test.audio:[1, 50, 74]",test.text_bert:float32;test.vision:float32;test.audio:float32,Attachment 3 missing modality aligned test sample: 附件3_25.pkl
data/raw/extracted/E题数据/附件3-模态缺失特征样本/对齐版本/附件3_26.pkl,attachment3_missing_aligned,50942,e483daa1391987552f9ee7f21bffec918dd61267af36885a9ae3073813193234,pkl,1,primary_pipeline,test,"test.text_bert:[1, 3, 50];test.vision:[1, 50, 35];test.audio:[1, 50, 74]",test.text_bert:float32;test.vision:float32;test.audio:float32,Attachment 3 missing modality aligned test sample: 附件3_26.pkl
data/raw/extracted/E题数据/附件3-模态缺失特征样本/对齐版本/附件3_27.pkl,attachment3_missing_aligned,50942,27f16bbd4541196bb33f4caa36e038b2ff66fa72649f1b22f2328a5630de37ad,pkl,1,primary_pipeline,test,"test.text_bert:[1, 3, 50];test.vision:[1, 50, 35];test.audio:[1, 50, 74]",test.text_bert:float32;test.vision:float32;test.audio:float32,Attachment 3 missing modality aligned test sample: 附件3_27.pkl
data/raw/extracted/E题数据/附件3-模态缺失特征样本/对齐版本/附件3_28.pkl,attachment3_missing_aligned,50942,81def781fa8fa5aebb555631b59ce48ee71a10c9e4226f1a5b6d91a2078f8f32,pkl,1,primary_pipeline,test,"test.text_bert:[1, 3, 50];test.vision:[1, 50, 35];test.audio:[1, 50, 74]",test.text_bert:float32;test.vision:float32;test.audio:float32,Attachment 3 missing modality aligned test sample: 附件3_28.pkl
data/raw/extracted/E题数据/附件3-模态缺失特征样本/对齐版本/附件3_29.pkl,attachment3_missing_aligned,50942,8caf12e71117bd7334be12aba5af6322fb02a2397f8e2402e75391f4f9ef3686,pkl,1,primary_pipeline,test,"test.text_bert:[1, 3, 50];test.vision:[1, 50, 35];test.audio:[1, 50, 74]",test.text_bert:float32;test.vision:float32;test.audio:float32,Attachment 3 missing modality aligned test sample: 附件3_29.pkl
data/raw/extracted/E题数据/附件3-模态缺失特征样本/对齐版本/附件3_30.pkl,attachment3_missing_aligned,50942,a6b272abb5d083804b6902054d4180d55d3c1d5822c483967e70e6a9657546d3,pkl,1,primary_pipeline,test,"test.text_bert:[1, 3, 50];test.vision:[1, 50, 35];test.audio:[1, 50, 74]",test.text_bert:float32;test.vision:float32;test.audio:float32,Attachment 3 missing modality aligned test sample: 附件3_30.pkl
data/raw/extracted/E题数据/附件3-模态缺失特征样本/未对齐版本/附件3_未对齐版本_01.pkl,attachment3_missing_unaligned,494719,4a8cf3d22e80e29cbf042767fbd3b603b466e1f5e2adaaa2536e8a20df05778d,pkl,1,not_used_in_primary_pipeline,test,"test.raw_text:[1];test.vision:[1, 500, 35];test.audio:[1, 500, 74]",test.raw_text:<U1479;test.vision:float64;test.audio:float64,Attachment 3 unaligned sample: 附件3_未对齐版本_01.pkl (not used; project strictly uses aligned_50)
data/raw/extracted/E题数据/附件3-模态缺失特征样本/未对齐版本/附件3_未对齐版本_02.pkl,attachment3_missing_unaligned,494811,1c99664a44a42fffac167dfdaf21923d0acd402c210c3a8e61bea51bb3d0a9b6,pkl,1,not_used_in_primary_pipeline,test,"test.raw_text:[1];test.vision:[1, 500, 35];test.audio:[1, 500, 74]",test.raw_text:<U1479;test.vision:float64;test.audio:float64,Attachment 3 unaligned sample: 附件3_未对齐版本_02.pkl (not used; project strictly uses aligned_50)
data/raw/extracted/E题数据/附件3-模态缺失特征样本/未对齐版本/附件3_未对齐版本_03.pkl,attachment3_missing_unaligned,494833,463185831b192816b256b4feef74054632e697939fc51b39d7d1a16903b613d4,pkl,1,not_used_in_primary_pipeline,test,"test.raw_text:[1];test.vision:[1, 500, 35];test.audio:[1, 500, 74]",test.raw_text:<U1479;test.vision:float64;test.audio:float64,Attachment 3 unaligned sample: 附件3_未对齐版本_03.pkl (not used; project strictly uses aligned_50)
data/raw/extracted/E题数据/附件3-模态缺失特征样本/未对齐版本/附件3_未对齐版本_04.pkl,attachment3_missing_unaligned,494845,bcd6d1ddee46e9995806fa20132330f19c24472ae4150c561bb89ae1bcd2f235,pkl,1,not_used_in_primary_pipeline,test,"test.raw_text:[1];test.vision:[1, 500, 35];test.audio:[1, 500, 74]",test.raw_text:<U1479;test.vision:float64;test.audio:float64,Attachment 3 unaligned sample: 附件3_未对齐版本_04.pkl (not used; project strictly uses aligned_50)
data/raw/extracted/E题数据/附件3-模态缺失特征样本/未对齐版本/附件3_未对齐版本_05.pkl,attachment3_missing_unaligned,494750,509990f6bf3ad0a14092824273c2de31ad46e48950b2c028dcaabdf965e56f9e,pkl,1,not_used_in_primary_pipeline,test,"test.raw_text:[1];test.vision:[1, 500, 35];test.audio:[1, 500, 74]",test.raw_text:<U1479;test.vision:float64;test.audio:float64,Attachment 3 unaligned sample: 附件3_未对齐版本_05.pkl (not used; project strictly uses aligned_50)
data/raw/extracted/E题数据/附件3-模态缺失特征样本/未对齐版本/附件3_未对齐版本_06.pkl,attachment3_missing_unaligned,494787,90df7acd34f00150233fa56621bfc0f1adb61fe2a8deea9fa3715d9499d6e61f,pkl,1,not_used_in_primary_pipeline,test,"test.raw_text:[1];test.vision:[1, 500, 35];test.audio:[1, 500, 74]",test.raw_text:<U1479;test.vision:float64;test.audio:float64,Attachment 3 unaligned sample: 附件3_未对齐版本_06.pkl (not used; project strictly uses aligned_50)
data/raw/extracted/E题数据/附件3-模态缺失特征样本/未对齐版本/附件3_未对齐版本_07.pkl,attachment3_missing_unaligned,494802,775eac32a8fa8588e963640473f0d64d2c9753d034e0257adfa42959ffd23619,pkl,1,not_used_in_primary_pipeline,test,"test.raw_text:[1];test.vision:[1, 500, 35];test.audio:[1, 500, 74]",test.raw_text:<U1479;test.vision:float64;test.audio:float64,Attachment 3 unaligned sample: 附件3_未对齐版本_07.pkl (not used; project strictly uses aligned_50)
data/raw/extracted/E题数据/附件3-模态缺失特征样本/未对齐版本/附件3_未对齐版本_08.pkl,attachment3_missing_unaligned,494757,4d50aa2a374872732e5e53cc8d6c0ca2b16c95f142b78dc291ce4782036b0b25,pkl,1,not_used_in_primary_pipeline,test,"test.raw_text:[1];test.vision:[1, 500, 35];test.audio:[1, 500, 74]",test.raw_text:<U1479;test.vision:float64;test.audio:float64,Attachment 3 unaligned sample: 附件3_未对齐版本_08.pkl (not used; project strictly uses aligned_50)
data/raw/extracted/E题数据/附件3-模态缺失特征样本/未对齐版本/附件3_未对齐版本_09.pkl,attachment3_missing_unaligned,494758,868c890476dbb622e5bd8df2469f46ff5e6fb1c546a77d40f8acd45dab8315e8,pkl,1,not_used_in_primary_pipeline,test,"test.raw_text:[1];test.vision:[1, 500, 35];test.audio:[1, 500, 74]",test.raw_text:<U1479;test.vision:float64;test.audio:float64,Attachment 3 unaligned sample: 附件3_未对齐版本_09.pkl (not used; project strictly uses aligned_50)
data/raw/extracted/E题数据/附件3-模态缺失特征样本/未对齐版本/附件3_未对齐版本_10.pkl,attachment3_missing_unaligned,494729,585dcfdb4c3856538732dea7acc25600198308433e6ab4f26e97a2c939d081e6,pkl,1,not_used_in_primary_pipeline,test,"test.raw_text:[1];test.vision:[1, 500, 35];test.audio:[1, 500, 74]",test.raw_text:<U1479;test.vision:float64;test.audio:float64,Attachment 3 unaligned sample: 附件3_未对齐版本_10.pkl (not used; project strictly uses aligned_50)
data/raw/extracted/E题数据/附件3-模态缺失特征样本/未对齐版本/附件3_未对齐版本_11.pkl,attachment3_missing_unaligned,494748,ea43a1cb3d93841c2cfc063ffca804888fcd2341b59386ee26e4e05fceca665f,pkl,1,not_used_in_primary_pipeline,test,"test.raw_text:[1];test.vision:[1, 500, 35];test.audio:[1, 500, 74]",test.raw_text:<U1479;test.vision:float64;test.audio:float64,Attachment 3 unaligned sample: 附件3_未对齐版本_11.pkl (not used; project strictly uses aligned_50)
data/raw/extracted/E题数据/附件3-模态缺失特征样本/未对齐版本/附件3_未对齐版本_12.pkl,attachment3_missing_unaligned,494780,54db89460b17078acd4aa4683aa06982213deef1b94dfee3effe57f76980c1a9,pkl,1,not_used_in_primary_pipeline,test,"test.raw_text:[1];test.vision:[1, 500, 35];test.audio:[1, 500, 74]",test.raw_text:<U1479;test.vision:float64;test.audio:float64,Attachment 3 unaligned sample: 附件3_未对齐版本_12.pkl (not used; project strictly uses aligned_50)
data/raw/extracted/E题数据/附件3-模态缺失特征样本/未对齐版本/附件3_未对齐版本_13.pkl,attachment3_missing_unaligned,494789,f680fff053e4949dbef6e81739da54f961fa6b17642957cf8df536060c58e444,pkl,1,not_used_in_primary_pipeline,test,"test.raw_text:[1];test.vision:[1, 500, 35];test.audio:[1, 500, 74]",test.raw_text:<U1479;test.vision:float64;test.audio:float64,Attachment 3 unaligned sample: 附件3_未对齐版本_13.pkl (not used; project strictly uses aligned_50)
data/raw/extracted/E题数据/附件3-模态缺失特征样本/未对齐版本/附件3_未对齐版本_14.pkl,attachment3_missing_unaligned,494811,36c25a1251f1afce266098671a620a036c61148aa89e466c113f70ded1355f65,pkl,1,not_used_in_primary_pipeline,test,"test.raw_text:[1];test.vision:[1, 500, 35];test.audio:[1, 500, 74]",test.raw_text:<U1479;test.vision:float64;test.audio:float64,Attachment 3 unaligned sample: 附件3_未对齐版本_14.pkl (not used; project strictly uses aligned_50)
data/raw/extracted/E题数据/附件3-模态缺失特征样本/未对齐版本/附件3_未对齐版本_15.pkl,attachment3_missing_unaligned,494837,97cd1ac0320af870b6057c6ba0aaa1c4cae377f108bfed3b3b6764f38e0793d9,pkl,1,not_used_in_primary_pipeline,test,"test.raw_text:[1];test.vision:[1, 500, 35];test.audio:[1, 500, 74]",test.raw_text:<U1479;test.vision:float64;test.audio:float64,Attachment 3 unaligned sample: 附件3_未对齐版本_15.pkl (not used; project strictly uses aligned_50)
data/raw/extracted/E题数据/附件3-模态缺失特征样本/未对齐版本/附件3_未对齐版本_16.pkl,attachment3_missing_unaligned,494851,4861ab00b303cb7a89b7a50f1ba17a6e0125837c2d64ff8b7d0a366d31926c54,pkl,1,not_used_in_primary_pipeline,test,"test.raw_text:[1];test.vision:[1, 500, 35];test.audio:[1, 500, 74]",test.raw_text:<U1479;test.vision:float64;test.audio:float64,Attachment 3 unaligned sample: 附件3_未对齐版本_16.pkl (not used; project strictly uses aligned_50)
data/raw/extracted/E题数据/附件3-模态缺失特征样本/未对齐版本/附件3_未对齐版本_17.pkl,attachment3_missing_unaligned,494798,0285c121a125b95434ea319f1938286f92c66ee2ffe4bc9d46c2509b6fad1eee,pkl,1,not_used_in_primary_pipeline,test,"test.raw_text:[1];test.vision:[1, 500, 35];test.audio:[1, 500, 74]",test.raw_text:<U1479;test.vision:float64;test.audio:float64,Attachment 3 unaligned sample: 附件3_未对齐版本_17.pkl (not used; project strictly uses aligned_50)
data/raw/extracted/E题数据/附件3-模态缺失特征样本/未对齐版本/附件3_未对齐版本_18.pkl,attachment3_missing_unaligned,494793,f25009fd8965236a5c51f864a6c60a22b92a57c6e41712422e2d6f4a37af2543,pkl,1,not_used_in_primary_pipeline,test,"test.raw_text:[1];test.vision:[1, 500, 35];test.audio:[1, 500, 74]",test.raw_text:<U1479;test.vision:float64;test.audio:float64,Attachment 3 unaligned sample: 附件3_未对齐版本_18.pkl (not used; project strictly uses aligned_50)
data/raw/extracted/E题数据/附件3-模态缺失特征样本/未对齐版本/附件3_未对齐版本_19.pkl,attachment3_missing_unaligned,494806,a1ec22a528d865998b9c15817486efa5adb62a3162dbe20814aa1d3bb02b0452,pkl,1,not_used_in_primary_pipeline,test,"test.raw_text:[1];test.vision:[1, 500, 35];test.audio:[1, 500, 74]",test.raw_text:<U1479;test.vision:float64;test.audio:float64,Attachment 3 unaligned sample: 附件3_未对齐版本_19.pkl (not used; project strictly uses aligned_50)
data/raw/extracted/E题数据/附件3-模态缺失特征样本/未对齐版本/附件3_未对齐版本_20.pkl,attachment3_missing_unaligned,494882,470ba389947ff86e5e9c05072b9345858690a57cf498dd02dbc1db0f688ee8c0,pkl,1,not_used_in_primary_pipeline,test,"test.raw_text:[1];test.vision:[1, 500, 35];test.audio:[1, 500, 74]",test.raw_text:<U1479;test.vision:float64;test.audio:float64,Attachment 3 unaligned sample: 附件3_未对齐版本_20.pkl (not used; project strictly uses aligned_50)
data/raw/extracted/E题数据/附件3-模态缺失特征样本/未对齐版本/附件3_未对齐版本_21.pkl,attachment3_missing_unaligned,494743,ce761fc3f77857b265b4500ef98a5439dab3f45df265ee985b3db218b4730755,pkl,1,not_used_in_primary_pipeline,test,"test.raw_text:[1];test.vision:[1, 500, 35];test.audio:[1, 500, 74]",test.raw_text:<U1479;test.vision:float64;test.audio:float64,Attachment 3 unaligned sample: 附件3_未对齐版本_21.pkl (not used; project strictly uses aligned_50)
data/raw/extracted/E题数据/附件3-模态缺失特征样本/未对齐版本/附件3_未对齐版本_22.pkl,attachment3_missing_unaligned,494772,261cacc583d096a853cc9181768528f2e29a4b701f9f89653517e83dce08bc45,pkl,1,not_used_in_primary_pipeline,test,"test.raw_text:[1];test.vision:[1, 500, 35];test.audio:[1, 500, 74]",test.raw_text:<U1479;test.vision:float64;test.audio:float64,Attachment 3 unaligned sample: 附件3_未对齐版本_22.pkl (not used; project strictly uses aligned_50)
data/raw/extracted/E题数据/附件3-模态缺失特征样本/未对齐版本/附件3_未对齐版本_23.pkl,attachment3_missing_unaligned,494757,c1386ab902160eb55d1b8c0aa79e8690693daba7258a4f16b9b1963fffa7b1f2,pkl,1,not_used_in_primary_pipeline,test,"test.raw_text:[1];test.vision:[1, 500, 35];test.audio:[1, 500, 74]",test.raw_text:<U1479;test.vision:float64;test.audio:float64,Attachment 3 unaligned sample: 附件3_未对齐版本_23.pkl (not used; project strictly uses aligned_50)
data/raw/extracted/E题数据/附件3-模态缺失特征样本/未对齐版本/附件3_未对齐版本_24.pkl,attachment3_missing_unaligned,494727,a7f73ddd97e406440abf16336789fec83622884bf5bb1439c3da5c75a1ae9420,pkl,1,not_used_in_primary_pipeline,test,"test.raw_text:[1];test.vision:[1, 500, 35];test.audio:[1, 500, 74]",test.raw_text:<U1479;test.vision:float64;test.audio:float64,Attachment 3 unaligned sample: 附件3_未对齐版本_24.pkl (not used; project strictly uses aligned_50)
data/raw/extracted/E题数据/附件3-模态缺失特征样本/未对齐版本/附件3_未对齐版本_25.pkl,attachment3_missing_unaligned,494731,62d5b24ef181b5d46207b4c48b54452e0fd1e4f7ce6f64945c5ac93a813ba001,pkl,1,not_used_in_primary_pipeline,test,"test.raw_text:[1];test.vision:[1, 500, 35];test.audio:[1, 500, 74]",test.raw_text:<U1479;test.vision:float64;test.audio:float64,Attachment 3 unaligned sample: 附件3_未对齐版本_25.pkl (not used; project strictly uses aligned_50)
data/raw/extracted/E题数据/附件3-模态缺失特征样本/未对齐版本/附件3_未对齐版本_26.pkl,attachment3_missing_unaligned,494800,327c66c63b793e5cac0f652a77f63d6e144d0447867464108b861b441357be50,pkl,1,not_used_in_primary_pipeline,test,"test.raw_text:[1];test.vision:[1, 500, 35];test.audio:[1, 500, 74]",test.raw_text:<U1479;test.vision:float64;test.audio:float64,Attachment 3 unaligned sample: 附件3_未对齐版本_26.pkl (not used; project strictly uses aligned_50)
data/raw/extracted/E题数据/附件3-模态缺失特征样本/未对齐版本/附件3_未对齐版本_27.pkl,attachment3_missing_unaligned,494829,cba6f3e088380f2378bc35b989df054ac1aabbaca5c831037ce542f7e5f7a47b,pkl,1,not_used_in_primary_pipeline,test,"test.raw_text:[1];test.vision:[1, 500, 35];test.audio:[1, 500, 74]",test.raw_text:<U1479;test.vision:float64;test.audio:float64,Attachment 3 unaligned sample: 附件3_未对齐版本_27.pkl (not used; project strictly uses aligned_50)
data/raw/extracted/E题数据/附件3-模态缺失特征样本/未对齐版本/附件3_未对齐版本_28.pkl,attachment3_missing_unaligned,494831,a4697405668cb31a8493fb591553170d9c0338971b122f8ee5ee0268a4cab91c,pkl,1,not_used_in_primary_pipeline,test,"test.raw_text:[1];test.vision:[1, 500, 35];test.audio:[1, 500, 74]",test.raw_text:<U1479;test.vision:float64;test.audio:float64,Attachment 3 unaligned sample: 附件3_未对齐版本_28.pkl (not used; project strictly uses aligned_50)
data/raw/extracted/E题数据/附件3-模态缺失特征样本/未对齐版本/附件3_未对齐版本_29.pkl,attachment3_missing_unaligned,494776,86105acdca8927a1665c5480e9282306bcf8433fb4be069c7aa1ec5260f47574,pkl,1,not_used_in_primary_pipeline,test,"test.raw_text:[1];test.vision:[1, 500, 35];test.audio:[1, 500, 74]",test.raw_text:<U1479;test.vision:float64;test.audio:float64,Attachment 3 unaligned sample: 附件3_未对齐版本_29.pkl (not used; project strictly uses aligned_50)
data/raw/extracted/E题数据/附件3-模态缺失特征样本/未对齐版本/附件3_未对齐版本_30.pkl,attachment3_missing_unaligned,494807,3a04ca9fffd401dc476968d4cfd6f1a2cbf86ae52887d339d25265acdf0d23d8,pkl,1,not_used_in_primary_pipeline,test,"test.raw_text:[1];test.vision:[1, 500, 35];test.audio:[1, 500, 74]",test.raw_text:<U1479;test.vision:float64;test.audio:float64,Attachment 3 unaligned sample: 附件3_未对齐版本_30.pkl (not used; project strictly uses aligned_50)
data/raw/extracted/E题数据/附件4-可解释专项视频样本与特征文件/附件4-可解释专项视频样本与特征文件/对齐版本/01.pkl,attachment4_explain_aligned,199376,5a08410ee779863238edcf349556a2f8e10490a70e02fc95001a64f6c8d17452,pkl,1,primary_pipeline,"raw_text,audio,vision,id,text,text_bert","raw_text:[];audio:[50, 74];vision:[50, 35];id:len=2;text:[50, 768];text_bert:[3, 50]",raw_text:<U137;audio:float64;vision:float64;id:str;text:float32;text_bert:int64,Attachment 4 explainability aligned sample: 01.pkl
data/raw/extracted/E题数据/附件4-可解释专项视频样本与特征文件/附件4-可解释专项视频样本与特征文件/对齐版本/02.pkl,attachment4_explain_aligned,199111,88ed34a500bd7f11027ffc97205e23fdcde162b32bee9c447367b026b41608ac,pkl,1,primary_pipeline,"raw_text,audio,vision,id,text,text_bert","raw_text:[];audio:[50, 74];vision:[50, 35];id:len=2;text:[50, 768];text_bert:[3, 50]",raw_text:<U71;audio:float64;vision:float64;id:str;text:float32;text_bert:int64,Attachment 4 explainability aligned sample: 02.pkl
data/raw/extracted/E题数据/附件4-可解释专项视频样本与特征文件/附件4-可解释专项视频样本与特征文件/对齐版本/03.pkl,attachment4_explain_aligned,199400,237a657ffb78b451b4e504ab8021e6072de404afd83d3b08be1560e98ca62860,pkl,1,primary_pipeline,"raw_text,audio,vision,id,text,text_bert","raw_text:[];audio:[50, 74];vision:[50, 35];id:len=2;text:[50, 768];text_bert:[3, 50]",raw_text:<U143;audio:float64;vision:float64;id:str;text:float32;text_bert:int64,Attachment 4 explainability aligned sample: 03.pkl
data/raw/extracted/E题数据/附件4-可解释专项视频样本与特征文件/附件4-可解释专项视频样本与特征文件/对齐版本/04.pkl,attachment4_explain_aligned,199256,f7d7291b6ed0050ad3fd439bd3f85ce6fafb230a6399366a76e0b52f017bf4a7,pkl,1,primary_pipeline,"raw_text,audio,vision,id,text,text_bert","raw_text:[];audio:[50, 74];vision:[50, 35];id:len=2;text:[50, 768];text_bert:[3, 50]",raw_text:<U107;audio:float64;vision:float64;id:str;text:float32;text_bert:int64,Attachment 4 explainability aligned sample: 04.pkl
data/raw/extracted/E题数据/附件4-可解释专项视频样本与特征文件/附件4-可解释专项视频样本与特征文件/对齐版本/05.pkl,attachment4_explain_aligned,199067,c6948e101e25656832290edf03daaf400b9a566e912775193d5f3ecdf9388eec,pkl,1,primary_pipeline,"raw_text,audio,vision,id,text,text_bert","raw_text:[];audio:[50, 74];vision:[50, 35];id:len=2;text:[50, 768];text_bert:[3, 50]",raw_text:<U61;audio:float64;vision:float64;id:str;text:float32;text_bert:int64,Attachment 4 explainability aligned sample: 05.pkl
data/raw/extracted/E题数据/附件4-可解释专项视频样本与特征文件/附件4-可解释专项视频样本与特征文件/对齐版本/06.pkl,attachment4_explain_aligned,199472,8c432420054ac28bfcacbbee18d0e8397bc87fa0c7e8cbb11f525d6e366fdd57,pkl,1,primary_pipeline,"raw_text,audio,vision,id,text,text_bert","raw_text:[];audio:[50, 74];vision:[50, 35];id:len=2;text:[50, 768];text_bert:[3, 50]",raw_text:<U161;audio:float64;vision:float64;id:str;text:float32;text_bert:int64,Attachment 4 explainability aligned sample: 06.pkl
data/raw/extracted/E题数据/附件4-可解释专项视频样本与特征文件/附件4-可解释专项视频样本与特征文件/对齐版本/07.pkl,attachment4_explain_aligned,200148,f16e44523bd82862435489552910ef3b801dd5b7501d67b84b83ee1496b0c5a0,pkl,1,primary_pipeline,"raw_text,audio,vision,id,text,text_bert","raw_text:[];audio:[50, 74];vision:[50, 35];id:len=2;text:[50, 768];text_bert:[3, 50]",raw_text:<U330;audio:float64;vision:float64;id:str;text:float32;text_bert:int64,Attachment 4 explainability aligned sample: 07.pkl
data/raw/extracted/E题数据/附件4-可解释专项视频样本与特征文件/附件4-可解释专项视频样本与特征文件/对齐版本/08.pkl,attachment4_explain_aligned,199075,a1cccd885234d22478f30d0a3b253277e0567abaecc6ac683734b7e3dfc255c4,pkl,1,primary_pipeline,"raw_text,audio,vision,id,text,text_bert","raw_text:[];audio:[50, 74];vision:[50, 35];id:len=2;text:[50, 768];text_bert:[3, 50]",raw_text:<U63;audio:float64;vision:float64;id:str;text:float32;text_bert:int64,Attachment 4 explainability aligned sample: 08.pkl
data/raw/extracted/E题数据/附件4-可解释专项视频样本与特征文件/附件4-可解释专项视频样本与特征文件/对齐版本/09.pkl,attachment4_explain_aligned,199083,f00ad50bdc14a4c9fe58fb4e421d6c8ee052d281d917766314f2846e48af8ff7,pkl,1,primary_pipeline,"raw_text,audio,vision,id,text,text_bert","raw_text:[];audio:[50, 74];vision:[50, 35];id:len=2;text:[50, 768];text_bert:[3, 50]",raw_text:<U64;audio:float64;vision:float64;id:str;text:float32;text_bert:int64,Attachment 4 explainability aligned sample: 09.pkl
data/raw/extracted/E题数据/附件4-可解释专项视频样本与特征文件/附件4-可解释专项视频样本与特征文件/对齐版本/10.pkl,attachment4_explain_aligned,199344,693326817b8253fc907a3c1df1b05dd1f10c7bc756a86ce125bb903b01eaf571,pkl,1,primary_pipeline,"raw_text,audio,vision,id,text,text_bert","raw_text:[];audio:[50, 74];vision:[50, 35];id:len=2;text:[50, 768];text_bert:[3, 50]",raw_text:<U129;audio:float64;vision:float64;id:str;text:float32;text_bert:int64,Attachment 4 explainability aligned sample: 10.pkl
data/raw/extracted/E题数据/附件4-可解释专项视频样本与特征文件/附件4-可解释专项视频样本与特征文件/对齐版本/11.pkl,attachment4_explain_aligned,199067,6e4c4b2fe76d6bbc56d1d21447ec9dff5309adb1227de8adab116ff703f42ffb,pkl,1,primary_pipeline,"raw_text,audio,vision,id,text,text_bert","raw_text:[];audio:[50, 74];vision:[50, 35];id:len=2;text:[50, 768];text_bert:[3, 50]",raw_text:<U61;audio:float64;vision:float64;id:str;text:float32;text_bert:int64,Attachment 4 explainability aligned sample: 11.pkl
data/raw/extracted/E题数据/附件4-可解释专项视频样本与特征文件/附件4-可解释专项视频样本与特征文件/对齐版本/12.pkl,attachment4_explain_aligned,199572,5d003f471f20ac8d51553c3b217fc594075067a4c806fc07139839d681a97032,pkl,1,primary_pipeline,"raw_text,audio,vision,id,text,text_bert","raw_text:[];audio:[50, 74];vision:[50, 35];id:len=2;text:[50, 768];text_bert:[3, 50]",raw_text:<U186;audio:float64;vision:float64;id:str;text:float32;text_bert:int64,Attachment 4 explainability aligned sample: 12.pkl
data/raw/extracted/E题数据/附件4-可解释专项视频样本与特征文件/附件4-可解释专项视频样本与特征文件/对齐版本/13.pkl,attachment4_explain_aligned,199352,e2d3d3c55bc52e7178e6e7f9b28e677018f14c76966d9ec5ac486d8fbbfd8281,pkl,1,primary_pipeline,"raw_text,audio,vision,id,text,text_bert","raw_text:[];audio:[50, 74];vision:[50, 35];id:len=2;text:[50, 768];text_bert:[3, 50]",raw_text:<U131;audio:float64;vision:float64;id:str;text:float32;text_bert:int64,Attachment 4 explainability aligned sample: 13.pkl
data/raw/extracted/E题数据/附件4-可解释专项视频样本与特征文件/附件4-可解释专项视频样本与特征文件/对齐版本/14.pkl,attachment4_explain_aligned,199456,5a07719d0610e979be9cc58f4137c951259048fe6ab9918cafd9e27d62f0b5dd,pkl,1,primary_pipeline,"raw_text,audio,vision,id,text,text_bert","raw_text:[];audio:[50, 74];vision:[50, 35];id:len=2;text:[50, 768];text_bert:[3, 50]",raw_text:<U157;audio:float64;vision:float64;id:str;text:float32;text_bert:int64,Attachment 4 explainability aligned sample: 14.pkl
data/raw/extracted/E题数据/附件4-可解释专项视频样本与特征文件/附件4-可解释专项视频样本与特征文件/对齐版本/15.pkl,attachment4_explain_aligned,199296,1fd8521f61b769038a991088f11a9693e0ad9f05ad92f9924d502cc147a7cd1f,pkl,1,primary_pipeline,"raw_text,audio,vision,id,text,text_bert","raw_text:[];audio:[50, 74];vision:[50, 35];id:len=2;text:[50, 768];text_bert:[3, 50]",raw_text:<U117;audio:float64;vision:float64;id:str;text:float32;text_bert:int64,Attachment 4 explainability aligned sample: 15.pkl
data/raw/extracted/E题数据/附件4-可解释专项视频样本与特征文件/附件4-可解释专项视频样本与特征文件/对齐版本/16.pkl,attachment4_explain_aligned,198987,5528f121c021c3648f41e013e829c0a73870eafbbde73415147a074be81d722f,pkl,1,primary_pipeline,"raw_text,audio,vision,id,text,text_bert","raw_text:[];audio:[50, 74];vision:[50, 35];id:len=2;text:[50, 768];text_bert:[3, 50]",raw_text:<U41;audio:float64;vision:float64;id:str;text:float32;text_bert:int64,Attachment 4 explainability aligned sample: 16.pkl
data/raw/extracted/E题数据/附件4-可解释专项视频样本与特征文件/附件4-可解释专项视频样本与特征文件/对齐版本/17.pkl,attachment4_explain_aligned,199352,7b841ea3fdea42ef7d0ba607d90ea61a86a44066eb4ee3d1a70e8180a7b47796,pkl,1,primary_pipeline,"raw_text,audio,vision,id,text,text_bert","raw_text:[];audio:[50, 74];vision:[50, 35];id:len=2;text:[50, 768];text_bert:[3, 50]",raw_text:<U131;audio:float64;vision:float64;id:str;text:float32;text_bert:int64,Attachment 4 explainability aligned sample: 17.pkl
data/raw/extracted/E题数据/附件4-可解释专项视频样本与特征文件/附件4-可解释专项视频样本与特征文件/对齐版本/18.pkl,attachment4_explain_aligned,199908,1fc0a00c832183dceeae626937716da6c4c096f621a7706c9268b76dedfa7f06,pkl,1,primary_pipeline,"raw_text,audio,vision,id,text,text_bert","raw_text:[];audio:[50, 74];vision:[50, 35];id:len=2;text:[50, 768];text_bert:[3, 50]",raw_text:<U270;audio:float64;vision:float64;id:str;text:float32;text_bert:int64,Attachment 4 explainability aligned sample: 18.pkl
data/raw/extracted/E题数据/附件4-可解释专项视频样本与特征文件/附件4-可解释专项视频样本与特征文件/对齐版本/19.pkl,attachment4_explain_aligned,199652,ef099682c44a9e6ba5135a74d4babf12a91ba5ee2895b32d191679244dd1c221,pkl,1,primary_pipeline,"raw_text,audio,vision,id,text,text_bert","raw_text:[];audio:[50, 74];vision:[50, 35];id:len=2;text:[50, 768];text_bert:[3, 50]",raw_text:<U206;audio:float64;vision:float64;id:str;text:float32;text_bert:int64,Attachment 4 explainability aligned sample: 19.pkl
data/raw/extracted/E题数据/附件4-可解释专项视频样本与特征文件/附件4-可解释专项视频样本与特征文件/对齐版本/20.pkl,attachment4_explain_aligned,199516,c9aed197e075fa99518e71cbb2ed17406178d9237d40c785409eacf1fa7f1a68,pkl,1,primary_pipeline,"raw_text,audio,vision,id,text,text_bert","raw_text:[];audio:[50, 74];vision:[50, 35];id:len=2;text:[50, 768];text_bert:[3, 50]",raw_text:<U172;audio:float64;vision:float64;id:str;text:float32;text_bert:int64,Attachment 4 explainability aligned sample: 20.pkl
data/raw/extracted/E题数据/附件4-可解释专项视频样本与特征文件/附件4-可解释专项视频样本与特征文件/对齐版本/videos/01.mp4,attachment4_video_aligned,824021,3057e24aee7a48fcf15bd618b663bd7f0d061fb8893286c458986a7e1c6d17cf,mp4,1,primary_pipeline,,,,Attachment 4 ground truth video: 01.mp4
data/raw/extracted/E题数据/附件4-可解释专项视频样本与特征文件/附件4-可解释专项视频样本与特征文件/对齐版本/videos/02.mp4,attachment4_video_aligned,142336,6b651e908aefd86959f85b78f945f7d5a5d9e767eb4c095926e1df2ed9629ff9,mp4,1,primary_pipeline,,,,Attachment 4 ground truth video: 02.mp4
data/raw/extracted/E题数据/附件4-可解释专项视频样本与特征文件/附件4-可解释专项视频样本与特征文件/对齐版本/videos/03.mp4,attachment4_video_aligned,2973584,556b83449ac17fd8cb99ed1dcd6f11c287dd6e0198885e88555579f9bcab84f3,mp4,1,primary_pipeline,,,,Attachment 4 ground truth video: 03.mp4
data/raw/extracted/E题数据/附件4-可解释专项视频样本与特征文件/附件4-可解释专项视频样本与特征文件/对齐版本/videos/04.mp4,attachment4_video_aligned,1200845,766db8dc32508b8f7f8faaa47656e0eedc8d1707b809fe8235db1e74e15d3369,mp4,1,primary_pipeline,,,,Attachment 4 ground truth video: 04.mp4
data/raw/extracted/E题数据/附件4-可解释专项视频样本与特征文件/附件4-可解释专项视频样本与特征文件/对齐版本/videos/05.mp4,attachment4_video_aligned,836064,715d7c1dd52a78eac6c0a10cd78ba1c4f632dc778839c86fcf7a510ea4184420,mp4,1,primary_pipeline,,,,Attachment 4 ground truth video: 05.mp4
data/raw/extracted/E题数据/附件4-可解释专项视频样本与特征文件/附件4-可解释专项视频样本与特征文件/对齐版本/videos/06.mp4,attachment4_video_aligned,638126,22e0a0e7c0880d3e92e4eb5e98070e5128884dd21eebc8367852570feb1b1d7f,mp4,1,primary_pipeline,,,,Attachment 4 ground truth video: 06.mp4
data/raw/extracted/E题数据/附件4-可解释专项视频样本与特征文件/附件4-可解释专项视频样本与特征文件/对齐版本/videos/07.mp4,attachment4_video_aligned,3559307,f3b47ceaddf31d472c367259788cb68e93511b14ae117577836f196e22ecedc5,mp4,1,primary_pipeline,,,,Attachment 4 ground truth video: 07.mp4
data/raw/extracted/E题数据/附件4-可解释专项视频样本与特征文件/附件4-可解释专项视频样本与特征文件/对齐版本/videos/08.mp4,attachment4_video_aligned,1026677,962057312eb9b751ff907ba5799f455dedfc271cabb5d45abd40803e08f88d79,mp4,1,primary_pipeline,,,,Attachment 4 ground truth video: 08.mp4
data/raw/extracted/E题数据/附件4-可解释专项视频样本与特征文件/附件4-可解释专项视频样本与特征文件/对齐版本/videos/09.mp4,attachment4_video_aligned,741504,7ecb03c24c8fc45b66bff4eb56bdf2adba033e96db52dd2d858abd93fae9d749,mp4,1,primary_pipeline,,,,Attachment 4 ground truth video: 09.mp4
data/raw/extracted/E题数据/附件4-可解释专项视频样本与特征文件/附件4-可解释专项视频样本与特征文件/对齐版本/videos/10.mp4,attachment4_video_aligned,783573,21047991667edfdde0cb848dfd80aa41ccb871bc02742bd24f28d512a70f53db,mp4,1,primary_pipeline,,,,Attachment 4 ground truth video: 10.mp4
data/raw/extracted/E题数据/附件4-可解释专项视频样本与特征文件/附件4-可解释专项视频样本与特征文件/对齐版本/videos/11.mp4,attachment4_video_aligned,672655,972bbc9b3f3cd620b2e576672301be7ccba0f54dae3a22b42194a3e322fd7905,mp4,1,primary_pipeline,,,,Attachment 4 ground truth video: 11.mp4
data/raw/extracted/E题数据/附件4-可解释专项视频样本与特征文件/附件4-可解释专项视频样本与特征文件/对齐版本/videos/12.mp4,attachment4_video_aligned,2233107,5d4da7ef7e6a4a344a2b9657fadfa2207c3565a9f7c1fb806e629c95b453aff3,mp4,1,primary_pipeline,,,,Attachment 4 ground truth video: 12.mp4
data/raw/extracted/E题数据/附件4-可解释专项视频样本与特征文件/附件4-可解释专项视频样本与特征文件/对齐版本/videos/13.mp4,attachment4_video_aligned,262575,8a64f1201e0299f79d915aa87b4a9be811e346525589d1f41060c2533599a7cb,mp4,1,primary_pipeline,,,,Attachment 4 ground truth video: 13.mp4
data/raw/extracted/E题数据/附件4-可解释专项视频样本与特征文件/附件4-可解释专项视频样本与特征文件/对齐版本/videos/14.mp4,attachment4_video_aligned,2257001,8f1c4cb4b1c97b31cd065317faef41465cfcda403ef12d1defce4a5d23b8e18e,mp4,1,primary_pipeline,,,,Attachment 4 ground truth video: 14.mp4
data/raw/extracted/E题数据/附件4-可解释专项视频样本与特征文件/附件4-可解释专项视频样本与特征文件/对齐版本/videos/15.mp4,attachment4_video_aligned,705745,bdd4ea47f2dac729a445cdf34009b9dff6d66bdc8ca997b82814bd55dc7fc675,mp4,1,primary_pipeline,,,,Attachment 4 ground truth video: 15.mp4
data/raw/extracted/E题数据/附件4-可解释专项视频样本与特征文件/附件4-可解释专项视频样本与特征文件/对齐版本/videos/16.mp4,attachment4_video_aligned,226884,819a4c15dce5b85d8f7717087ea660551c3044daf3cecba1d45d342ae85365e5,mp4,1,primary_pipeline,,,,Attachment 4 ground truth video: 16.mp4
data/raw/extracted/E题数据/附件4-可解释专项视频样本与特征文件/附件4-可解释专项视频样本与特征文件/对齐版本/videos/17.mp4,attachment4_video_aligned,1951911,8a2f9bad44684ae0ba22f4ad39e848020dbac6acf7e5fe9d974f2448e6902462,mp4,1,primary_pipeline,,,,Attachment 4 ground truth video: 17.mp4
data/raw/extracted/E题数据/附件4-可解释专项视频样本与特征文件/附件4-可解释专项视频样本与特征文件/对齐版本/videos/18.mp4,attachment4_video_aligned,2262931,0faf17accce9e58d81b2cc4ff6b150f8bc7f1d2f620ba420944f5732f41d6759,mp4,1,primary_pipeline,,,,Attachment 4 ground truth video: 18.mp4
data/raw/extracted/E题数据/附件4-可解释专项视频样本与特征文件/附件4-可解释专项视频样本与特征文件/对齐版本/videos/19.mp4,attachment4_video_aligned,1091162,26148d75d5b4c1ff6f69a36485cc02a771a74203d2c07d9d08f018bf88658217,mp4,1,primary_pipeline,,,,Attachment 4 ground truth video: 19.mp4
data/raw/extracted/E题数据/附件4-可解释专项视频样本与特征文件/附件4-可解释专项视频样本与特征文件/对齐版本/videos/20.mp4,attachment4_video_aligned,971427,0c75c37baddf51add457b20ad35e10166ff7baaa520f77bd6b2af2239c217a1c,mp4,1,primary_pipeline,,,,Attachment 4 ground truth video: 20.mp4
data/raw/extracted/E题数据/附件4-可解释专项视频样本与特征文件/附件4-可解释专项视频样本与特征文件/未对齐版本/01.pkl,attachment4_explain_unaligned,591833,70e55e2709905d7ea9becf70d8dd91d83688e5902b6c5e601aa6d16e703e4659,pkl,1,not_used_in_primary_pipeline,"raw_text,audio,vision,id,text,text_bert,audio_lengths,vision_lengths","raw_text:[];audio:[500, 74];vision:[500, 35];id:len=2;text:[50, 768];text_bert:[3, 50]",raw_text:<U137;audio:float64;vision:float64;id:str;text:float32;text_bert:int64,Attachment 4 unaligned sample: 01.pkl (not used; project strictly uses aligned_50)
data/raw/extracted/E题数据/附件4-可解释专项视频样本与特征文件/附件4-可解释专项视频样本与特征文件/未对齐版本/02.pkl,attachment4_explain_unaligned,591568,17e1a7c74f20dd25ca240b289add7a3b632ff2d6fb73d71eb1e1c6006b1f3cb9,pkl,1,not_used_in_primary_pipeline,"raw_text,audio,vision,id,text,text_bert,audio_lengths,vision_lengths","raw_text:[];audio:[500, 74];vision:[500, 35];id:len=2;text:[50, 768];text_bert:[3, 50]",raw_text:<U71;audio:float64;vision:float64;id:str;text:float32;text_bert:int64,Attachment 4 unaligned sample: 02.pkl (not used; project strictly uses aligned_50)
data/raw/extracted/E题数据/附件4-可解释专项视频样本与特征文件/附件4-可解释专项视频样本与特征文件/未对齐版本/03.pkl,attachment4_explain_unaligned,591857,0d959289f51abebc34cb911895d7da4c70bb032d2fe281906b8f27ef6411cd8b,pkl,1,not_used_in_primary_pipeline,"raw_text,audio,vision,id,text,text_bert,audio_lengths,vision_lengths","raw_text:[];audio:[500, 74];vision:[500, 35];id:len=2;text:[50, 768];text_bert:[3, 50]",raw_text:<U143;audio:float64;vision:float64;id:str;text:float32;text_bert:int64,Attachment 4 unaligned sample: 03.pkl (not used; project strictly uses aligned_50)
data/raw/extracted/E题数据/附件4-可解释专项视频样本与特征文件/附件4-可解释专项视频样本与特征文件/未对齐版本/04.pkl,attachment4_explain_unaligned,591713,f05343ac26cc037a6023a8e00ca1ffa7d5578db9bac6f2dad2e97bebf2ee188c,pkl,1,not_used_in_primary_pipeline,"raw_text,audio,vision,id,text,text_bert,audio_lengths,vision_lengths","raw_text:[];audio:[500, 74];vision:[500, 35];id:len=2;text:[50, 768];text_bert:[3, 50]",raw_text:<U107;audio:float64;vision:float64;id:str;text:float32;text_bert:int64,Attachment 4 unaligned sample: 04.pkl (not used; project strictly uses aligned_50)
data/raw/extracted/E题数据/附件4-可解释专项视频样本与特征文件/附件4-可解释专项视频样本与特征文件/未对齐版本/05.pkl,attachment4_explain_unaligned,591524,cf0cd1b562e4516a25a04c23953f9baecaa0f42ce4044aa4eb9b1aba221e70a9,pkl,1,not_used_in_primary_pipeline,"raw_text,audio,vision,id,text,text_bert,audio_lengths,vision_lengths","raw_text:[];audio:[500, 74];vision:[500, 35];id:len=2;text:[50, 768];text_bert:[3, 50]",raw_text:<U61;audio:float64;vision:float64;id:str;text:float32;text_bert:int64,Attachment 4 unaligned sample: 05.pkl (not used; project strictly uses aligned_50)
data/raw/extracted/E题数据/附件4-可解释专项视频样本与特征文件/附件4-可解释专项视频样本与特征文件/未对齐版本/06.pkl,attachment4_explain_unaligned,591929,3a5e9de011531ec38d60430053a221bfde7e05b253cbbf414b6ec08c42b9eee4,pkl,1,not_used_in_primary_pipeline,"raw_text,audio,vision,id,text,text_bert,audio_lengths,vision_lengths","raw_text:[];audio:[500, 74];vision:[500, 35];id:len=2;text:[50, 768];text_bert:[3, 50]",raw_text:<U161;audio:float64;vision:float64;id:str;text:float32;text_bert:int64,Attachment 4 unaligned sample: 06.pkl (not used; project strictly uses aligned_50)
data/raw/extracted/E题数据/附件4-可解释专项视频样本与特征文件/附件4-可解释专项视频样本与特征文件/未对齐版本/07.pkl,attachment4_explain_unaligned,592607,b6f9a61599a16d0dee901ec277cdb32bde3ab50a223b15823fd0368b61f32314,pkl,1,not_used_in_primary_pipeline,"raw_text,audio,vision,id,text,text_bert,audio_lengths,vision_lengths","raw_text:[];audio:[500, 74];vision:[500, 35];id:len=2;text:[50, 768];text_bert:[3, 50]",raw_text:<U330;audio:float64;vision:float64;id:str;text:float32;text_bert:int64,Attachment 4 unaligned sample: 07.pkl (not used; project strictly uses aligned_50)
data/raw/extracted/E题数据/附件4-可解释专项视频样本与特征文件/附件4-可解释专项视频样本与特征文件/未对齐版本/08.pkl,attachment4_explain_unaligned,591532,842aa20b0b30bd8cdef2d1f2e3c458abf01caaacb416b23a4dc8b7129ca660f3,pkl,1,not_used_in_primary_pipeline,"raw_text,audio,vision,id,text,text_bert,audio_lengths,vision_lengths","raw_text:[];audio:[500, 74];vision:[500, 35];id:len=2;text:[50, 768];text_bert:[3, 50]",raw_text:<U63;audio:float64;vision:float64;id:str;text:float32;text_bert:int64,Attachment 4 unaligned sample: 08.pkl (not used; project strictly uses aligned_50)
data/raw/extracted/E题数据/附件4-可解释专项视频样本与特征文件/附件4-可解释专项视频样本与特征文件/未对齐版本/09.pkl,attachment4_explain_unaligned,591540,f42d91d2c1b8e6cad707eccd029c57eb1cb9e9300544ad1ba10bf0a96627ce65,pkl,1,not_used_in_primary_pipeline,"raw_text,audio,vision,id,text,text_bert,audio_lengths,vision_lengths","raw_text:[];audio:[500, 74];vision:[500, 35];id:len=2;text:[50, 768];text_bert:[3, 50]",raw_text:<U64;audio:float64;vision:float64;id:str;text:float32;text_bert:int64,Attachment 4 unaligned sample: 09.pkl (not used; project strictly uses aligned_50)
data/raw/extracted/E题数据/附件4-可解释专项视频样本与特征文件/附件4-可解释专项视频样本与特征文件/未对齐版本/10.pkl,attachment4_explain_unaligned,591801,b12cb66e785c60faaa92d91be71bcae87dd4c0282bdd7e53241a7bb3e7413aa9,pkl,1,not_used_in_primary_pipeline,"raw_text,audio,vision,id,text,text_bert,audio_lengths,vision_lengths","raw_text:[];audio:[500, 74];vision:[500, 35];id:len=2;text:[50, 768];text_bert:[3, 50]",raw_text:<U129;audio:float64;vision:float64;id:str;text:float32;text_bert:int64,Attachment 4 unaligned sample: 10.pkl (not used; project strictly uses aligned_50)
data/raw/extracted/E题数据/附件4-可解释专项视频样本与特征文件/附件4-可解释专项视频样本与特征文件/未对齐版本/11.pkl,attachment4_explain_unaligned,591524,64b0b19f12977bb24684cbb874d88e3dde71ad7f93821f8a382d05d3047c3005,pkl,1,not_used_in_primary_pipeline,"raw_text,audio,vision,id,text,text_bert,audio_lengths,vision_lengths","raw_text:[];audio:[500, 74];vision:[500, 35];id:len=2;text:[50, 768];text_bert:[3, 50]",raw_text:<U61;audio:float64;vision:float64;id:str;text:float32;text_bert:int64,Attachment 4 unaligned sample: 11.pkl (not used; project strictly uses aligned_50)
data/raw/extracted/E题数据/附件4-可解释专项视频样本与特征文件/附件4-可解释专项视频样本与特征文件/未对齐版本/12.pkl,attachment4_explain_unaligned,592030,fd7cb86a2952ef384b0f1ce0dc58391332379e1d065d48100735b40ce991a624,pkl,1,not_used_in_primary_pipeline,"raw_text,audio,vision,id,text,text_bert,audio_lengths,vision_lengths","raw_text:[];audio:[500, 74];vision:[500, 35];id:len=2;text:[50, 768];text_bert:[3, 50]",raw_text:<U186;audio:float64;vision:float64;id:str;text:float32;text_bert:int64,Attachment 4 unaligned sample: 12.pkl (not used; project strictly uses aligned_50)
data/raw/extracted/E题数据/附件4-可解释专项视频样本与特征文件/附件4-可解释专项视频样本与特征文件/未对齐版本/13.pkl,attachment4_explain_unaligned,591809,4d8b77cdc24eecaa5104f19eaff60bad12fbf1886f40f1d95491decc9b31f7e0,pkl,1,not_used_in_primary_pipeline,"raw_text,audio,vision,id,text,text_bert,audio_lengths,vision_lengths","raw_text:[];audio:[500, 74];vision:[500, 35];id:len=2;text:[50, 768];text_bert:[3, 50]",raw_text:<U131;audio:float64;vision:float64;id:str;text:float32;text_bert:int64,Attachment 4 unaligned sample: 13.pkl (not used; project strictly uses aligned_50)
data/raw/extracted/E题数据/附件4-可解释专项视频样本与特征文件/附件4-可解释专项视频样本与特征文件/未对齐版本/14.pkl,attachment4_explain_unaligned,591913,17b0576012b71cdbebddfd38375e19f21fbe8e1eefa4813ac945196c734c9f55,pkl,1,not_used_in_primary_pipeline,"raw_text,audio,vision,id,text,text_bert,audio_lengths,vision_lengths","raw_text:[];audio:[500, 74];vision:[500, 35];id:len=2;text:[50, 768];text_bert:[3, 50]",raw_text:<U157;audio:float64;vision:float64;id:str;text:float32;text_bert:int64,Attachment 4 unaligned sample: 14.pkl (not used; project strictly uses aligned_50)
data/raw/extracted/E题数据/附件4-可解释专项视频样本与特征文件/附件4-可解释专项视频样本与特征文件/未对齐版本/15.pkl,attachment4_explain_unaligned,591753,e12cb1d0b69558c7f81eecb2063769b872e58718051c7ea6b2761c066763f594,pkl,1,not_used_in_primary_pipeline,"raw_text,audio,vision,id,text,text_bert,audio_lengths,vision_lengths","raw_text:[];audio:[500, 74];vision:[500, 35];id:len=2;text:[50, 768];text_bert:[3, 50]",raw_text:<U117;audio:float64;vision:float64;id:str;text:float32;text_bert:int64,Attachment 4 unaligned sample: 15.pkl (not used; project strictly uses aligned_50)
data/raw/extracted/E题数据/附件4-可解释专项视频样本与特征文件/附件4-可解释专项视频样本与特征文件/未对齐版本/16.pkl,attachment4_explain_unaligned,591444,359fae06a5df658729772eda07de43a12627a53574df95164942eb5f7a594153,pkl,1,not_used_in_primary_pipeline,"raw_text,audio,vision,id,text,text_bert,audio_lengths,vision_lengths","raw_text:[];audio:[500, 74];vision:[500, 35];id:len=2;text:[50, 768];text_bert:[3, 50]",raw_text:<U41;audio:float64;vision:float64;id:str;text:float32;text_bert:int64,Attachment 4 unaligned sample: 16.pkl (not used; project strictly uses aligned_50)
data/raw/extracted/E题数据/附件4-可解释专项视频样本与特征文件/附件4-可解释专项视频样本与特征文件/未对齐版本/17.pkl,attachment4_explain_unaligned,591809,5d52d13cec0e716c6dab949e3296607d6f32bf320cb4029fde1d2b532101a41c,pkl,1,not_used_in_primary_pipeline,"raw_text,audio,vision,id,text,text_bert,audio_lengths,vision_lengths","raw_text:[];audio:[500, 74];vision:[500, 35];id:len=2;text:[50, 768];text_bert:[3, 50]",raw_text:<U131;audio:float64;vision:float64;id:str;text:float32;text_bert:int64,Attachment 4 unaligned sample: 17.pkl (not used; project strictly uses aligned_50)
data/raw/extracted/E题数据/附件4-可解释专项视频样本与特征文件/附件4-可解释专项视频样本与特征文件/未对齐版本/18.pkl,attachment4_explain_unaligned,592367,7991357145a879fa8d85a028f043a6835243b24a6454bf5ec89c485cbc6335cf,pkl,1,not_used_in_primary_pipeline,"raw_text,audio,vision,id,text,text_bert,audio_lengths,vision_lengths","raw_text:[];audio:[500, 74];vision:[500, 35];id:len=2;text:[50, 768];text_bert:[3, 50]",raw_text:<U270;audio:float64;vision:float64;id:str;text:float32;text_bert:int64,Attachment 4 unaligned sample: 18.pkl (not used; project strictly uses aligned_50)
data/raw/extracted/E题数据/附件4-可解释专项视频样本与特征文件/附件4-可解释专项视频样本与特征文件/未对齐版本/19.pkl,attachment4_explain_unaligned,592110,14041c0d6b2d351cd900603044f617d549e25821fa04b3f57d62c4a4e52fad4e,pkl,1,not_used_in_primary_pipeline,"raw_text,audio,vision,id,text,text_bert,audio_lengths,vision_lengths","raw_text:[];audio:[500, 74];vision:[500, 35];id:len=2;text:[50, 768];text_bert:[3, 50]",raw_text:<U206;audio:float64;vision:float64;id:str;text:float32;text_bert:int64,Attachment 4 unaligned sample: 19.pkl (not used; project strictly uses aligned_50)
data/raw/extracted/E题数据/附件4-可解释专项视频样本与特征文件/附件4-可解释专项视频样本与特征文件/未对齐版本/20.pkl,attachment4_explain_unaligned,591973,2ed97e598f321dc82392e6b3d85963c629cea4ea8bc166705b697a7694ff7f44,pkl,1,not_used_in_primary_pipeline,"raw_text,audio,vision,id,text,text_bert,audio_lengths,vision_lengths","raw_text:[];audio:[500, 74];vision:[500, 35];id:len=2;text:[50, 768];text_bert:[3, 50]",raw_text:<U172;audio:float64;vision:float64;id:str;text:float32;text_bert:int64,Attachment 4 unaligned sample: 20.pkl (not used; project strictly uses aligned_50)
data/raw/extracted/E题数据/附件4-可解释专项视频样本与特征文件/附件4-可解释专项视频样本与特征文件/未对齐版本/videos/01.mp4,attachment4_video_unaligned,824021,3057e24aee7a48fcf15bd618b663bd7f0d061fb8893286c458986a7e1c6d17cf,mp4,1,not_used_in_primary_pipeline,,,,Attachment 4 unaligned video: 01.mp4 (not used in aligned pipeline)
data/raw/extracted/E题数据/附件4-可解释专项视频样本与特征文件/附件4-可解释专项视频样本与特征文件/未对齐版本/videos/02.mp4,attachment4_video_unaligned,142336,6b651e908aefd86959f85b78f945f7d5a5d9e767eb4c095926e1df2ed9629ff9,mp4,1,not_used_in_primary_pipeline,,,,Attachment 4 unaligned video: 02.mp4 (not used in aligned pipeline)
data/raw/extracted/E题数据/附件4-可解释专项视频样本与特征文件/附件4-可解释专项视频样本与特征文件/未对齐版本/videos/03.mp4,attachment4_video_unaligned,2973584,556b83449ac17fd8cb99ed1dcd6f11c287dd6e0198885e88555579f9bcab84f3,mp4,1,not_used_in_primary_pipeline,,,,Attachment 4 unaligned video: 03.mp4 (not used in aligned pipeline)
data/raw/extracted/E题数据/附件4-可解释专项视频样本与特征文件/附件4-可解释专项视频样本与特征文件/未对齐版本/videos/04.mp4,attachment4_video_unaligned,1200845,766db8dc32508b8f7f8faaa47656e0eedc8d1707b809fe8235db1e74e15d3369,mp4,1,not_used_in_primary_pipeline,,,,Attachment 4 unaligned video: 04.mp4 (not used in aligned pipeline)
data/raw/extracted/E题数据/附件4-可解释专项视频样本与特征文件/附件4-可解释专项视频样本与特征文件/未对齐版本/videos/05.mp4,attachment4_video_unaligned,836064,715d7c1dd52a78eac6c0a10cd78ba1c4f632dc778839c86fcf7a510ea4184420,mp4,1,not_used_in_primary_pipeline,,,,Attachment 4 unaligned video: 05.mp4 (not used in aligned pipeline)
data/raw/extracted/E题数据/附件4-可解释专项视频样本与特征文件/附件4-可解释专项视频样本与特征文件/未对齐版本/videos/06.mp4,attachment4_video_unaligned,638126,22e0a0e7c0880d3e92e4eb5e98070e5128884dd21eebc8367852570feb1b1d7f,mp4,1,not_used_in_primary_pipeline,,,,Attachment 4 unaligned video: 06.mp4 (not used in aligned pipeline)
data/raw/extracted/E题数据/附件4-可解释专项视频样本与特征文件/附件4-可解释专项视频样本与特征文件/未对齐版本/videos/07.mp4,attachment4_video_unaligned,3559307,f3b47ceaddf31d472c367259788cb68e93511b14ae117577836f196e22ecedc5,mp4,1,not_used_in_primary_pipeline,,,,Attachment 4 unaligned video: 07.mp4 (not used in aligned pipeline)
data/raw/extracted/E题数据/附件4-可解释专项视频样本与特征文件/附件4-可解释专项视频样本与特征文件/未对齐版本/videos/08.mp4,attachment4_video_unaligned,1026677,962057312eb9b751ff907ba5799f455dedfc271cabb5d45abd40803e08f88d79,mp4,1,not_used_in_primary_pipeline,,,,Attachment 4 unaligned video: 08.mp4 (not used in aligned pipeline)
data/raw/extracted/E题数据/附件4-可解释专项视频样本与特征文件/附件4-可解释专项视频样本与特征文件/未对齐版本/videos/09.mp4,attachment4_video_unaligned,741504,7ecb03c24c8fc45b66bff4eb56bdf2adba033e96db52dd2d858abd93fae9d749,mp4,1,not_used_in_primary_pipeline,,,,Attachment 4 unaligned video: 09.mp4 (not used in aligned pipeline)
data/raw/extracted/E题数据/附件4-可解释专项视频样本与特征文件/附件4-可解释专项视频样本与特征文件/未对齐版本/videos/10.mp4,attachment4_video_unaligned,783573,21047991667edfdde0cb848dfd80aa41ccb871bc02742bd24f28d512a70f53db,mp4,1,not_used_in_primary_pipeline,,,,Attachment 4 unaligned video: 10.mp4 (not used in aligned pipeline)
data/raw/extracted/E题数据/附件4-可解释专项视频样本与特征文件/附件4-可解释专项视频样本与特征文件/未对齐版本/videos/11.mp4,attachment4_video_unaligned,672655,972bbc9b3f3cd620b2e576672301be7ccba0f54dae3a22b42194a3e322fd7905,mp4,1,not_used_in_primary_pipeline,,,,Attachment 4 unaligned video: 11.mp4 (not used in aligned pipeline)
data/raw/extracted/E题数据/附件4-可解释专项视频样本与特征文件/附件4-可解释专项视频样本与特征文件/未对齐版本/videos/12.mp4,attachment4_video_unaligned,2233107,5d4da7ef7e6a4a344a2b9657fadfa2207c3565a9f7c1fb806e629c95b453aff3,mp4,1,not_used_in_primary_pipeline,,,,Attachment 4 unaligned video: 12.mp4 (not used in aligned pipeline)
data/raw/extracted/E题数据/附件4-可解释专项视频样本与特征文件/附件4-可解释专项视频样本与特征文件/未对齐版本/videos/13.mp4,attachment4_video_unaligned,262575,8a64f1201e0299f79d915aa87b4a9be811e346525589d1f41060c2533599a7cb,mp4,1,not_used_in_primary_pipeline,,,,Attachment 4 unaligned video: 13.mp4 (not used in aligned pipeline)
data/raw/extracted/E题数据/附件4-可解释专项视频样本与特征文件/附件4-可解释专项视频样本与特征文件/未对齐版本/videos/14.mp4,attachment4_video_unaligned,2257001,8f1c4cb4b1c97b31cd065317faef41465cfcda403ef12d1defce4a5d23b8e18e,mp4,1,not_used_in_primary_pipeline,,,,Attachment 4 unaligned video: 14.mp4 (not used in aligned pipeline)
data/raw/extracted/E题数据/附件4-可解释专项视频样本与特征文件/附件4-可解释专项视频样本与特征文件/未对齐版本/videos/15.mp4,attachment4_video_unaligned,705745,bdd4ea47f2dac729a445cdf34009b9dff6d66bdc8ca997b82814bd55dc7fc675,mp4,1,not_used_in_primary_pipeline,,,,Attachment 4 unaligned video: 15.mp4 (not used in aligned pipeline)
data/raw/extracted/E题数据/附件4-可解释专项视频样本与特征文件/附件4-可解释专项视频样本与特征文件/未对齐版本/videos/16.mp4,attachment4_video_unaligned,226884,819a4c15dce5b85d8f7717087ea660551c3044daf3cecba1d45d342ae85365e5,mp4,1,not_used_in_primary_pipeline,,,,Attachment 4 unaligned video: 16.mp4 (not used in aligned pipeline)
data/raw/extracted/E题数据/附件4-可解释专项视频样本与特征文件/附件4-可解释专项视频样本与特征文件/未对齐版本/videos/17.mp4,attachment4_video_unaligned,1951911,8a2f9bad44684ae0ba22f4ad39e848020dbac6acf7e5fe9d974f2448e6902462,mp4,1,not_used_in_primary_pipeline,,,,Attachment 4 unaligned video: 17.mp4 (not used in aligned pipeline)
data/raw/extracted/E题数据/附件4-可解释专项视频样本与特征文件/附件4-可解释专项视频样本与特征文件/未对齐版本/videos/18.mp4,attachment4_video_unaligned,2262931,0faf17accce9e58d81b2cc4ff6b150f8bc7f1d2f620ba420944f5732f41d6759,mp4,1,not_used_in_primary_pipeline,,,,Attachment 4 unaligned video: 18.mp4 (not used in aligned pipeline)
data/raw/extracted/E题数据/附件4-可解释专项视频样本与特征文件/附件4-可解释专项视频样本与特征文件/未对齐版本/videos/19.mp4,attachment4_video_unaligned,1091162,26148d75d5b4c1ff6f69a36485cc02a771a74203d2c07d9d08f018bf88658217,mp4,1,not_used_in_primary_pipeline,,,,Attachment 4 unaligned video: 19.mp4 (not used in aligned pipeline)
data/raw/extracted/E题数据/附件4-可解释专项视频样本与特征文件/附件4-可解释专项视频样本与特征文件/未对齐版本/videos/20.mp4,attachment4_video_unaligned,971427,0c75c37baddf51add457b20ad35e10166ff7baaa520f77bd6b2af2239c217a1c,mp4,1,not_used_in_primary_pipeline,,,,Attachment 4 unaligned video: 20.mp4 (not used in aligned pipeline)
