检查层级,样本ID,自动状态,问题类型,原视频,给定文本,待查词,建议跳转秒,自动起点秒,自动终点秒,对齐分数,人工判定,修正起点秒,修正终点秒,审查者,审查日期,备注
整段,-3g5yACwYnA$_$13,PASS,文本/音画/目标人物总核对,D:\第二十三届中国研究生数学建模竞赛 - 中文题目\中文题目\E题\工程\data\raw\extracted\E题数据\附件1-数据集原始多模态样本\MOSEI数据集部分原始视频-100条\-3g5yACwYnA\13.mp4,They've been able to find solutions or at least bring some answers to the table.,,,,,,,,,,,
整段,-3g5yACwYnA$_$2,PASS,文本/音画/目标人物总核对,D:\第二十三届中国研究生数学建模竞赛 - 中文题目\中文题目\E题\工程\data\raw\extracted\E题数据\附件1-数据集原始多模态样本\MOSEI数据集部分原始视频-100条\-3g5yACwYnA\2.mp4,Key Polymer brings a technical aspect to our operation that we don't have internally.,,,,,,,,,,,
整段,-3g5yACwYnA$_$3,PASS,文本/音画/目标人物总核对,D:\第二十三届中国研究生数学建模竞赛 - 中文题目\中文题目\E题\工程\data\raw\extracted\E题数据\附件1-数据集原始多模态样本\MOSEI数据集部分原始视频-100条\-3g5yACwYnA\3.mp4,"We're a huge user of adhesives for our operation, called flocking, and we don't have the technical inside compounding or the technical expertise to do these types of things.",,,,,,,,,,,
整段,-3g5yACwYnA$_$9,PASS,文本/音画/目标人物总核对,D:\第二十三届中国研究生数学建模竞赛 - 中文题目\中文题目\E题\工程\data\raw\extracted\E题数据\附件1-数据集原始多模态样本\MOSEI数据集部分原始视频-100条\-3g5yACwYnA\9.mp4,"We have many new opportunities through the way things have changed through the years, looking for new niche high-end, value-added products.",,,,,,,,,,,
整段,-3nNcZdcdvU$_$5,PASS,文本/音画/目标人物总核对,D:\第二十三届中国研究生数学建模竞赛 - 中文题目\中文题目\E题\工程\data\raw\extracted\E题数据\附件1-数据集原始多模态样本\MOSEI数据集部分原始视频-100条\-3nNcZdcdvU\5.mp4,Noncompliance can result in legal liability to you and to the school district in which you are employed.,,,,,,,,,,,
整段,-571d8cVauQ$_$0,REVIEW,文本/音画/目标人物总核对,D:\第二十三届中国研究生数学建模竞赛 - 中文题目\中文题目\E题\工程\data\raw\extracted\E题数据\附件1-数据集原始多模态样本\MOSEI数据集部分原始视频-100条\-571d8cVauQ\0.mp4,"This is Rhett Reiger, White Caspian Studios on behalf of Expert Village.",,,,,,,,,,,
异常点,-571d8cVauQ$_$0,REVIEW,low_face_coverage,D:\第二十三届中国研究生数学建模竞赛 - 中文题目\中文题目\E题\工程\data\raw\extracted\E题数据\附件1-数据集原始多模态样本\MOSEI数据集部分原始视频-100条\-571d8cVauQ\0.mp4,"This is Rhett Reiger, White Caspian Studios on behalf of Expert Village.",,,,,,,,,,,
整段,-571d8cVauQ$_$5,REVIEW,文本/音画/目标人物总核对,D:\第二十三届中国研究生数学建模竞赛 - 中文题目\中文题目\E题\工程\data\raw\extracted\E题数据\附件1-数据集原始多模态样本\MOSEI数据集部分原始视频-100条\-571d8cVauQ\5.mp4,"So very important to go out to the locations, walk around, talk with the owners if you can, tell them what you're doing, build a little excitement, put a little glitz on there and let everybody knows this is a very valuable spot.",,,,,,,,,,,
异常点,-571d8cVauQ$_$5,REVIEW,low_face_coverage,D:\第二十三届中国研究生数学建模竞赛 - 中文题目\中文题目\E题\工程\data\raw\extracted\E题数据\附件1-数据集原始多模态样本\MOSEI数据集部分原始视频-100条\-571d8cVauQ\5.mp4,"So very important to go out to the locations, walk around, talk with the owners if you can, tell them what you're doing, build a little excitement, put a little glitz on there and let everybody knows this is a very valuable spot.",,,,,,,,,,,
整段,-6rXp3zJ3kc$_$8,PASS,文本/音画/目标人物总核对,D:\第二十三届中国研究生数学建模竞赛 - 中文题目\中文题目\E题\工程\data\raw\extracted\E题数据\附件1-数据集原始多模态样本\MOSEI数据集部分原始视频-100条\-6rXp3zJ3kc\8.mp4,Many people are not until they get to be a older age and they realize that gosh they wasted a lot of time and money in placing bets on stock that's ultimately lost value.,,,,,,,,,,,
整段,-9y-fZ3swSY$_$0,REVIEW,文本/音画/目标人物总核对,D:\第二十三届中国研究生数学建模竞赛 - 中文题目\中文题目\E题\工程\data\raw\extracted\E题数据\附件1-数据集原始多模态样本\MOSEI数据集部分原始视频-100条\-9y-fZ3swSY\0.mp4,"is, you can say, hey I really like baby skin, they are so soft, they don’t have any hair on their face",,,,,,,,,,,
异常点,-9y-fZ3swSY$_$0,REVIEW,low_ctc_confidence,D:\第二十三届中国研究生数学建模竞赛 - 中文题目\中文题目\E题\工程\data\raw\extracted\E题数据\附件1-数据集原始多模态样本\MOSEI数据集部分原始视频-100条\-9y-fZ3swSY\0.mp4,"is, you can say, hey I really like baby skin, they are so soft, they don’t have any hair on their face",you,0.0,0.1805,0.2406,0.0249,,,,,,
异常点,-9y-fZ3swSY$_$0,REVIEW,low_ctc_confidence,D:\第二十三届中国研究生数学建模竞赛 - 中文题目\中文题目\E题\工程\data\raw\extracted\E题数据\附件1-数据集原始多模态样本\MOSEI数据集部分原始视频-100条\-9y-fZ3swSY\0.mp4,"is, you can say, hey I really like baby skin, they are so soft, they don’t have any hair on their face",I,1.004,1.5038,1.5238,0.0061,,,,,,
异常点,-9y-fZ3swSY$_$0,REVIEW,low_ctc_confidence,D:\第二十三届中国研究生数学建模竞赛 - 中文题目\中文题目\E题\工程\data\raw\extracted\E题数据\附件1-数据集原始多模态样本\MOSEI数据集部分原始视频-100条\-9y-fZ3swSY\0.mp4,"is, you can say, hey I really like baby skin, they are so soft, they don’t have any hair on their face",are,3.31,3.8096,3.8697,0.0049,,,,,,
整段,-9y-fZ3swSY$_$4,REVIEW,文本/音画/目标人物总核对,D:\第二十三届中国研究生数学建模竞赛 - 中文题目\中文题目\E题\工程\data\raw\extracted\E题数据\附件1-数据集原始多模态样本\MOSEI数据集部分原始视频-100条\-9y-fZ3swSY\4.mp4,I’ve seen this in US or in the US,,,,,,,,,,,
异常点,-9y-fZ3swSY$_$4,REVIEW,low_ctc_confidence,D:\第二十三届中国研究生数学建模竞赛 - 中文题目\中文题目\E题\工程\data\raw\extracted\E题数据\附件1-数据集原始多模态样本\MOSEI数据集部分原始视频-100条\-9y-fZ3swSY\4.mp4,I’ve seen this in US or in the US,in,0.55,1.0498,1.0902,0.0897,,,,,,
整段,-9y-fZ3swSY$_$8,REVIEW,文本/音画/目标人物总核对,D:\第二十三届中国研究生数学建模竞赛 - 中文题目\中文题目\E题\工程\data\raw\extracted\E题数据\附件1-数据集原始多模态样本\MOSEI数据集部分原始视频-100条\-9y-fZ3swSY\8.mp4,That’s a more decent and more polite way to call a lady,,,,,,,,,,,
异常点,-9y-fZ3swSY$_$8,REVIEW,possible_face_switch,D:\第二十三届中国研究生数学建模竞赛 - 中文题目\中文题目\E题\工程\data\raw\extracted\E题数据\附件1-数据集原始多模态样本\MOSEI数据集部分原始视频-100条\-9y-fZ3swSY\8.mp4,That’s a more decent and more polite way to call a lady,,3.6,4.1,,,,,,,,
整段,-a55Q6RWvTA$_$3,REVIEW,文本/音画/目标人物总核对,D:\第二十三届中国研究生数学建模竞赛 - 中文题目\中文题目\E题\工程\data\raw\extracted\E题数据\附件1-数据集原始多模态样本\MOSEI数据集部分原始视频-100条\-a55Q6RWvTA\3.mp4,"And if you clip coupons, if you don't go out for dinner and movies and things of that nature and try to take up things in life that, well, they always say, ""the best things in life are free"". Reading a book, going for a nice walk, and, of course, combining exercise and various things of that nature where you're not spending money per se.",,,,,,,,,,,
异常点,-a55Q6RWvTA$_$3,REVIEW,low_ctc_confidence,D:\第二十三届中国研究生数学建模竞赛 - 中文题目\中文题目\E题\工程\data\raw\extracted\E题数据\附件1-数据集原始多模态样本\MOSEI数据集部分原始视频-100条\-a55Q6RWvTA\3.mp4,"And if you clip coupons, if you don't go out for dinner and movies and things of that nature and try to take up things in life that, well, they always say, ""the best things in life are free"". Reading a book, going for a nice walk, and, of course, combining exercise and various things of that nature where you're not spending money per se.",of,17.419,17.9189,17.959,0.0115,,,,,,
整段,-aNfi7CP8vM$_$7,PASS,文本/音画/目标人物总核对,D:\第二十三届中国研究生数学建模竞赛 - 中文题目\中文题目\E题\工程\data\raw\extracted\E题数据\附件1-数据集原始多模态样本\MOSEI数据集部分原始视频-100条\-aNfi7CP8vM\7.mp4,"Maybe they have no political party affiliation, they're not interested in politics, they could care less about politics.",,,,,,,,,,,
整段,-aqamKhZ1Ec$_$0,REVIEW,文本/音画/目标人物总核对,D:\第二十三届中国研究生数学建模竞赛 - 中文题目\中文题目\E题\工程\data\raw\extracted\E题数据\附件1-数据集原始多模态样本\MOSEI数据集部分原始视频-100条\-aqamKhZ1Ec\0.mp4,"In 2008, there were very serious tribal warfare in Kenya following a disputed election.",,,,,,,,,,,
异常点,-aqamKhZ1Ec$_$0,REVIEW,low_ctc_confidence,D:\第二十三届中国研究生数学建模竞赛 - 中文题目\中文题目\E题\工程\data\raw\extracted\E题数据\附件1-数据集原始多模态样本\MOSEI数据集部分原始视频-100条\-aqamKhZ1Ec\0.mp4,"In 2008, there were very serious tribal warfare in Kenya following a disputed election.",In,0.0,0.1201,0.3804,0.0402,,,,,,
异常点,-aqamKhZ1Ec$_$0,REVIEW,unsupported_ctc_text,D:\第二十三届中国研究生数学建模竞赛 - 中文题目\中文题目\E题\工程\data\raw\extracted\E题数据\附件1-数据集原始多模态样本\MOSEI数据集部分原始视频-100条\-aqamKhZ1Ec\0.mp4,"In 2008, there were very serious tribal warfare in Kenya following a disputed election.","2008,",,,,,,,,,,
整段,-AUZQgSxyPQ$_$2,REVIEW,文本/音画/目标人物总核对,D:\第二十三届中国研究生数学建模竞赛 - 中文题目\中文题目\E题\工程\data\raw\extracted\E题数据\附件1-数据集原始多模态样本\MOSEI数据集部分原始视频-100条\-AUZQgSxyPQ\2.mp4,"The perfect soul mate to the Clarisonic Spot Therapy Brush, this gentle, Ph balanced and hydrating exfoliant containing jojoba and acai fruit oils and bamboo and prickly bear extracts deliver intense healing, while smooth granules buff away dead, dry skin cells.",,,,,,,,,,,
异常点,-AUZQgSxyPQ$_$2,REVIEW,low_ctc_confidence,D:\第二十三届中国研究生数学建模竞赛 - 中文题目\中文题目\E题\工程\data\raw\extracted\E题数据\附件1-数据集原始多模态样本\MOSEI数据集部分原始视频-100条\-AUZQgSxyPQ\2.mp4,"The perfect soul mate to the Clarisonic Spot Therapy Brush, this gentle, Ph balanced and hydrating exfoliant containing jojoba and acai fruit oils and bamboo and prickly bear extracts deliver intense healing, while smooth granules buff away dead, dry skin cells.",and,11.974,12.4737,12.5738,0.0038,,,,,,
整段,-dxfTGcXJoc$_$0,REVIEW,文本/音画/目标人物总核对,D:\第二十三届中国研究生数学建模竞赛 - 中文题目\中文题目\E题\工程\data\raw\extracted\E题数据\附件1-数据集原始多模态样本\MOSEI数据集部分原始视频-100条\-dxfTGcXJoc\0.mp4,"This is Governor Steve Beshear ... About Kentucky Our state is home to more than 1,500 bioscience and lifescience companies and more than 100,000 people who work for these firms, in areas from nutrigenomics and pharmaceuticals to nanotechnology and medical devices.",,,,,,,,,,,
异常点,-dxfTGcXJoc$_$0,REVIEW,unsupported_ctc_text,D:\第二十三届中国研究生数学建模竞赛 - 中文题目\中文题目\E题\工程\data\raw\extracted\E题数据\附件1-数据集原始多模态样本\MOSEI数据集部分原始视频-100条\-dxfTGcXJoc\0.mp4,"This is Governor Steve Beshear ... About Kentucky Our state is home to more than 1,500 bioscience and lifescience companies and more than 100,000 people who work for these firms, in areas from nutrigenomics and pharmaceuticals to nanotechnology and medical devices.",...,,,,,,,,,,
异常点,-dxfTGcXJoc$_$0,REVIEW,unsupported_ctc_text,D:\第二十三届中国研究生数学建模竞赛 - 中文题目\中文题目\E题\工程\data\raw\extracted\E题数据\附件1-数据集原始多模态样本\MOSEI数据集部分原始视频-100条\-dxfTGcXJoc\0.mp4,"This is Governor Steve Beshear ... About Kentucky Our state is home to more than 1,500 bioscience and lifescience companies and more than 100,000 people who work for these firms, in areas from nutrigenomics and pharmaceuticals to nanotechnology and medical devices.","1,500",,,,,,,,,,
异常点,-dxfTGcXJoc$_$0,REVIEW,unsupported_ctc_text,D:\第二十三届中国研究生数学建模竞赛 - 中文题目\中文题目\E题\工程\data\raw\extracted\E题数据\附件1-数据集原始多模态样本\MOSEI数据集部分原始视频-100条\-dxfTGcXJoc\0.mp4,"This is Governor Steve Beshear ... About Kentucky Our state is home to more than 1,500 bioscience and lifescience companies and more than 100,000 people who work for these firms, in areas from nutrigenomics and pharmaceuticals to nanotechnology and medical devices.","100,000",,,,,,,,,,
整段,-dxfTGcXJoc$_$1,PASS,文本/音画/目标人物总核对,D:\第二十三届中国研究生数学建模竞赛 - 中文题目\中文题目\E题\工程\data\raw\extracted\E题数据\附件1-数据集原始多模态样本\MOSEI数据集部分原始视频-100条\-dxfTGcXJoc\1.mp4,"For the 10th straight year, some of Kentucky’s best and most innovative biotech companies and technologies were on display at the annual BIO International Convention, which I and other state officials attended this week in Chicago.",,,,,,,,,,,
整段,-dxfTGcXJoc$_$2,REVIEW,文本/音画/目标人物总核对,D:\第二十三届中国研究生数学建模竞赛 - 中文题目\中文题目\E题\工程\data\raw\extracted\E题数据\附件1-数据集原始多模态样本\MOSEI数据集部分原始视频-100条\-dxfTGcXJoc\2.mp4,"An estimated 20,000 biotech scientists, executives and industry experts from more than 50 nations were at the BIO conference to learn about the latest scientific advances, and to exchange ideas and establish business relationships.",,,,,,,,,,,
异常点,-dxfTGcXJoc$_$2,REVIEW,unsupported_ctc_text,D:\第二十三届中国研究生数学建模竞赛 - 中文题目\中文题目\E题\工程\data\raw\extracted\E题数据\附件1-数据集原始多模态样本\MOSEI数据集部分原始视频-100条\-dxfTGcXJoc\2.mp4,"An estimated 20,000 biotech scientists, executives and industry experts from more than 50 nations were at the BIO conference to learn about the latest scientific advances, and to exchange ideas and establish business relationships.","20,000",,,,,,,,,,
异常点,-dxfTGcXJoc$_$2,REVIEW,unsupported_ctc_text,D:\第二十三届中国研究生数学建模竞赛 - 中文题目\中文题目\E题\工程\data\raw\extracted\E题数据\附件1-数据集原始多模态样本\MOSEI数据集部分原始视频-100条\-dxfTGcXJoc\2.mp4,"An estimated 20,000 biotech scientists, executives and industry experts from more than 50 nations were at the BIO conference to learn about the latest scientific advances, and to exchange ideas and establish business relationships.",50,,,,,,,,,,
整段,-dxfTGcXJoc$_$6,REVIEW,文本/音画/目标人物总核对,D:\第二十三届中国研究生数学建模竞赛 - 中文题目\中文题目\E题\工程\data\raw\extracted\E题数据\附件1-数据集原始多模态样本\MOSEI数据集部分原始视频-100条\-dxfTGcXJoc\6.mp4,Kentucky’s participation at the annual BIO International Convention is the primary means by which our high-tech companies and institutions can reach out to the global scientific community.,,,,,,,,,,,
异常点,-dxfTGcXJoc$_$6,REVIEW,possible_face_switch,D:\第二十三届中国研究生数学建模竞赛 - 中文题目\中文题目\E题\工程\data\raw\extracted\E题数据\附件1-数据集原始多模态样本\MOSEI数据集部分原始视频-100条\-dxfTGcXJoc\6.mp4,Kentucky’s participation at the annual BIO International Convention is the primary means by which our high-tech companies and institutions can reach out to the global scientific community.,,12.1,12.6,,,,,,,,
整段,-egA8-b7-3M$_$1,REVIEW,文本/音画/目标人物总核对,D:\第二十三届中国研究生数学建模竞赛 - 中文题目\中文题目\E题\工程\data\raw\extracted\E题数据\附件1-数据集原始多模态样本\MOSEI数据集部分原始视频-100条\-egA8-b7-3M\1.mp4,I started a successful Legal Nurse Consulting Business in 1989. I mentor nurses who want to become Legal Nurse Consultants.,,,,,,,,,,,
异常点,-egA8-b7-3M$_$1,REVIEW,unsupported_ctc_text,D:\第二十三届中国研究生数学建模竞赛 - 中文题目\中文题目\E题\工程\data\raw\extracted\E题数据\附件1-数据集原始多模态样本\MOSEI数据集部分原始视频-100条\-egA8-b7-3M\1.mp4,I started a successful Legal Nurse Consulting Business in 1989. I mentor nurses who want to become Legal Nurse Consultants.,1989.,,,,,,,,,,
整段,-egA8-b7-3M$_$13,PASS,文本/音画/目标人物总核对,D:\第二十三届中国研究生数学建模竞赛 - 中文题目\中文题目\E题\工程\data\raw\extracted\E题数据\附件1-数据集原始多模态样本\MOSEI数据集部分原始视频-100条\-egA8-b7-3M\13.mp4,"What are you doing that's different?"" They always want an answer.",,,,,,,,,,,
整段,-egA8-b7-3M$_$16,PASS,文本/音画/目标人物总核对,D:\第二十三届中国研究生数学建模竞赛 - 中文题目\中文题目\E题\工程\data\raw\extracted\E题数据\附件1-数据集原始多模态样本\MOSEI数据集部分原始视频-100条\-egA8-b7-3M\16.mp4,"Third, another big benefit of exhibiting is connecting with existing clients.",,,,,,,,,,,
整段,-egA8-b7-3M$_$17,PASS,文本/音画/目标人物总核对,D:\第二十三届中国研究生数学建模竞赛 - 中文题目\中文题目\E题\工程\data\raw\extracted\E题数据\附件1-数据集原始多模态样本\MOSEI数据集部分原始视频-100条\-egA8-b7-3M\17.mp4,"As you have more experience, you have more times exhibiting, you get to know more people.",,,,,,,,,,,
整段,-egA8-b7-3M$_$18,PASS,文本/音画/目标人物总核对,D:\第二十三届中国研究生数学建模竞赛 - 中文题目\中文题目\E题\工程\data\raw\extracted\E题数据\附件1-数据集原始多模态样本\MOSEI数据集部分原始视频-100条\-egA8-b7-3M\18.mp4,It becomes easier at each one of these conferences to connect with people that you've met or that you're doing business with.,,,,,,,,,,,
整段,-egA8-b7-3M$_$20,PASS,文本/音画/目标人物总核对,D:\第二十三届中国研究生数学建模竞赛 - 中文题目\中文题目\E题\工程\data\raw\extracted\E题数据\附件1-数据集原始多模态样本\MOSEI数据集部分原始视频-100条\-egA8-b7-3M\20.mp4,"Now you've got a face that you can connect with a voice, and that makes you closer to that client.",,,,,,,,,,,
整段,-egA8-b7-3M$_$26,PASS,文本/音画/目标人物总核对,D:\第二十三届中国研究生数学建模竞赛 - 中文题目\中文题目\E题\工程\data\raw\extracted\E题数据\附件1-数据集原始多模态样本\MOSEI数据集部分原始视频-100条\-egA8-b7-3M\26.mp4,We're updating it all the time and looking forward to your comments on our videos.,,,,,,,,,,,
整段,-egA8-b7-3M$_$6,PASS,文本/音画/目标人物总核对,D:\第二十三届中国研究生数学建模竞赛 - 中文题目\中文题目\E题\工程\data\raw\extracted\E题数据\附件1-数据集原始多模态样本\MOSEI数据集部分原始视频-100条\-egA8-b7-3M\6.mp4,First exhibiting is a wonderful opportunity to network with other legal vendors.,,,,,,,,,,,
整段,-egA8-b7-3M$_$9,PASS,文本/音画/目标人物总核对,D:\第二十三届中国研究生数学建模竞赛 - 中文题目\中文题目\E题\工程\data\raw\extracted\E题数据\附件1-数据集原始多模态样本\MOSEI数据集部分原始视频-100条\-egA8-b7-3M\9.mp4,"Secondly, another goal of exhibiting  is building your company image.",,,,,,,,,,,
整段,-HeZS2-Prhc$_$2,REVIEW,文本/音画/目标人物总核对,D:\第二十三届中国研究生数学建模竞赛 - 中文题目\中文题目\E题\工程\data\raw\extracted\E题数据\附件1-数据集原始多模态样本\MOSEI数据集部分原始视频-100条\-HeZS2-Prhc\2.mp4,The August jobs report is out and it was seen overall as solid but not great.,,,,,,,,,,,
异常点,-HeZS2-Prhc$_$2,REVIEW,low_face_coverage,D:\第二十三届中国研究生数学建模竞赛 - 中文题目\中文题目\E题\工程\data\raw\extracted\E题数据\附件1-数据集原始多模态样本\MOSEI数据集部分原始视频-100条\-HeZS2-Prhc\2.mp4,The August jobs report is out and it was seen overall as solid but not great.,,,,,,,,,,,
整段,-hnBHBN8p5A$_$6,REVIEW,文本/音画/目标人物总核对,D:\第二十三届中国研究生数学建模竞赛 - 中文题目\中文题目\E题\工程\data\raw\extracted\E题数据\附件1-数据集原始多模态样本\MOSEI数据集部分原始视频-100条\-hnBHBN8p5A\6.mp4,"Discussion, how to discuss ideas and opinions more effectively than a native speaker",,,,,,,,,,,
异常点,-hnBHBN8p5A$_$6,REVIEW,low_ctc_confidence,D:\第二十三届中国研究生数学建模竞赛 - 中文题目\中文题目\E题\工程\data\raw\extracted\E题数据\附件1-数据集原始多模态样本\MOSEI数据集部分原始视频-100条\-hnBHBN8p5A\6.mp4,"Discussion, how to discuss ideas and opinions more effectively than a native speaker","Discussion,",0.0,0.3006,0.6213,0.0996,,,,,,
异常点,-hnBHBN8p5A$_$6,REVIEW,low_ctc_confidence,D:\第二十三届中国研究生数学建模竞赛 - 中文题目\中文题目\E题\工程\data\raw\extracted\E题数据\附件1-数据集原始多模态样本\MOSEI数据集部分原始视频-100条\-hnBHBN8p5A\6.mp4,"Discussion, how to discuss ideas and opinions more effectively than a native speaker",and,1.264,1.7636,1.8437,0.0141,,,,,,
异常点,-hnBHBN8p5A$_$6,REVIEW,low_face_coverage,D:\第二十三届中国研究生数学建模竞赛 - 中文题目\中文题目\E题\工程\data\raw\extracted\E题数据\附件1-数据集原始多模态样本\MOSEI数据集部分原始视频-100条\-hnBHBN8p5A\6.mp4,"Discussion, how to discuss ideas and opinions more effectively than a native speaker",,,,,,,,,,,
异常点,-hnBHBN8p5A$_$6,REVIEW,possible_face_switch,D:\第二十三届中国研究生数学建模竞赛 - 中文题目\中文题目\E题\工程\data\raw\extracted\E题数据\附件1-数据集原始多模态样本\MOSEI数据集部分原始视频-100条\-hnBHBN8p5A\6.mp4,"Discussion, how to discuss ideas and opinions more effectively than a native speaker",,0.376,0.8759,,,,,,,,
整段,-hnBHBN8p5A$_$7,REVIEW,文本/音画/目标人物总核对,D:\第二十三届中国研究生数学建模竞赛 - 中文题目\中文题目\E题\工程\data\raw\extracted\E题数据\附件1-数据集原始多模态样本\MOSEI数据集部分原始视频-100条\-hnBHBN8p5A\7.mp4,"Picture this, before we actually start hacking, we’re in a room formal setting",,,,,,,,,,,
异常点,-hnBHBN8p5A$_$7,REVIEW,low_ctc_confidence,D:\第二十三届中国研究生数学建模竞赛 - 中文题目\中文题目\E题\工程\data\raw\extracted\E题数据\附件1-数据集原始多模态样本\MOSEI数据集部分原始视频-100条\-hnBHBN8p5A\7.mp4,"Picture this, before we actually start hacking, we’re in a room formal setting","this,",0.381,0.881,1.0212,0.0,,,,,,
异常点,-hnBHBN8p5A$_$7,REVIEW,low_ctc_confidence,D:\第二十三届中国研究生数学建模竞赛 - 中文题目\中文题目\E题\工程\data\raw\extracted\E题数据\附件1-数据集原始多模态样本\MOSEI数据集部分原始视频-100条\-hnBHBN8p5A\7.mp4,"Picture this, before we actually start hacking, we’re in a room formal setting",we,1.482,1.9823,2.0624,0.0,,,,,,
异常点,-hnBHBN8p5A$_$7,REVIEW,low_ctc_confidence,D:\第二十三届中国研究生数学建模竞赛 - 中文题目\中文题目\E题\工程\data\raw\extracted\E题数据\附件1-数据集原始多模态样本\MOSEI数据集部分原始视频-100条\-hnBHBN8p5A\7.mp4,"Picture this, before we actually start hacking, we’re in a room formal setting",a,4.686,5.1861,5.2061,0.0035,,,,,,
异常点,-hnBHBN8p5A$_$7,REVIEW,low_ctc_confidence,D:\第二十三届中国研究生数学建模竞赛 - 中文题目\中文题目\E题\工程\data\raw\extracted\E题数据\附件1-数据集原始多模态样本\MOSEI数据集部分原始视频-100条\-hnBHBN8p5A\7.mp4,"Picture this, before we actually start hacking, we’re in a room formal setting",room,4.846,5.3463,5.4664,0.0001,,,,,,
异常点,-hnBHBN8p5A$_$7,REVIEW,low_face_coverage,D:\第二十三届中国研究生数学建模竞赛 - 中文题目\中文题目\E题\工程\data\raw\extracted\E题数据\附件1-数据集原始多模态样本\MOSEI数据集部分原始视频-100条\-hnBHBN8p5A\7.mp4,"Picture this, before we actually start hacking, we’re in a room formal setting",,,,,,,,,,,
整段,-HwX2H8Z4hY$_$2,REVIEW,文本/音画/目标人物总核对,D:\第二十三届中国研究生数学建模竞赛 - 中文题目\中文题目\E题\工程\data\raw\extracted\E题数据\附件1-数据集原始多模态样本\MOSEI数据集部分原始视频-100条\-HwX2H8Z4hY\2.mp4,"” [President Ronald Reagan:] ""Look at the record",,,,,,,,,,,
异常点,-HwX2H8Z4hY$_$2,REVIEW,unsupported_ctc_text,D:\第二十三届中国研究生数学建模竞赛 - 中文题目\中文题目\E题\工程\data\raw\extracted\E题数据\附件1-数据集原始多模态样本\MOSEI数据集部分原始视频-100条\-HwX2H8Z4hY\2.mp4,"” [President Ronald Reagan:] ""Look at the record",”,,,,,,,,,,
异常点,-HwX2H8Z4hY$_$2,REVIEW,low_ctc_confidence,D:\第二十三届中国研究生数学建模竞赛 - 中文题目\中文题目\E题\工程\data\raw\extracted\E题数据\附件1-数据集原始多模态样本\MOSEI数据集部分原始视频-100条\-HwX2H8Z4hY\2.mp4,"” [President Ronald Reagan:] ""Look at the record",[President,0.0,0.0,0.241,0.0902,,,,,,
异常点,-HwX2H8Z4hY$_$2,REVIEW,low_ctc_confidence,D:\第二十三届中国研究生数学建模竞赛 - 中文题目\中文题目\E题\工程\data\raw\extracted\E题数据\附件1-数据集原始多模态样本\MOSEI数据集部分原始视频-100条\-HwX2H8Z4hY\2.mp4,"” [President Ronald Reagan:] ""Look at the record",Ronald,0.0,0.3012,0.5221,0.0001,,,,,,
异常点,-HwX2H8Z4hY$_$2,REVIEW,low_face_coverage,D:\第二十三届中国研究生数学建模竞赛 - 中文题目\中文题目\E题\工程\data\raw\extracted\E题数据\附件1-数据集原始多模态样本\MOSEI数据集部分原始视频-100条\-HwX2H8Z4hY\2.mp4,"” [President Ronald Reagan:] ""Look at the record",,,,,,,,,,,
异常点,-HwX2H8Z4hY$_$2,REVIEW,possible_face_switch,D:\第二十三届中国研究生数学建模竞赛 - 中文题目\中文题目\E题\工程\data\raw\extracted\E题数据\附件1-数据集原始多模态样本\MOSEI数据集部分原始视频-100条\-HwX2H8Z4hY\2.mp4,"” [President Ronald Reagan:] ""Look at the record",,2.8,3.3,,,,,,,,
整段,-HwX2H8Z4hY$_$5,REVIEW,文本/音画/目标人物总核对,D:\第二十三届中国研究生数学建模竞赛 - 中文题目\中文题目\E题\工程\data\raw\extracted\E题数据\附件1-数据集原始多模态样本\MOSEI数据集部分原始视频-100条\-HwX2H8Z4hY\5.mp4,""" President Ronald Reagan blamed the professional bureaucracy of education",,,,,,,,,,,
异常点,-HwX2H8Z4hY$_$5,REVIEW,unsupported_ctc_text,D:\第二十三届中国研究生数学建模竞赛 - 中文题目\中文题目\E题\工程\data\raw\extracted\E题数据\附件1-数据集原始多模态样本\MOSEI数据集部分原始视频-100条\-HwX2H8Z4hY\5.mp4,""" President Ronald Reagan blamed the professional bureaucracy of education","""",,,,,,,,,,
异常点,-HwX2H8Z4hY$_$5,REVIEW,low_face_coverage,D:\第二十三届中国研究生数学建模竞赛 - 中文题目\中文题目\E题\工程\data\raw\extracted\E题数据\附件1-数据集原始多模态样本\MOSEI数据集部分原始视频-100条\-HwX2H8Z4hY\5.mp4,""" President Ronald Reagan blamed the professional bureaucracy of education",,,,,,,,,,,
整段,-HwX2H8Z4hY$_$6,REVIEW,文本/音画/目标人物总核对,D:\第二十三届中国研究生数学建模竞赛 - 中文题目\中文题目\E题\工程\data\raw\extracted\E题数据\附件1-数据集原始多模态样本\MOSEI数据集部分原始视频-100条\-HwX2H8Z4hY\6.mp4,"And in part, Al Shanker did too",,,,,,,,,,,
异常点,-HwX2H8Z4hY$_$6,REVIEW,low_face_coverage,D:\第二十三届中国研究生数学建模竞赛 - 中文题目\中文题目\E题\工程\data\raw\extracted\E题数据\附件1-数据集原始多模态样本\MOSEI数据集部分原始视频-100条\-HwX2H8Z4hY\6.mp4,"And in part, Al Shanker did too",,,,,,,,,,,
异常点,-HwX2H8Z4hY$_$6,REVIEW,possible_face_switch,D:\第二十三届中国研究生数学建模竞赛 - 中文题目\中文题目\E题\工程\data\raw\extracted\E题数据\附件1-数据集原始多模态样本\MOSEI数据集部分原始视频-100条\-HwX2H8Z4hY\6.mp4,"And in part, Al Shanker did too",,2.7,3.2,,,,,,,,
整段,-HwX2H8Z4hY$_$9,REVIEW,文本/音画/目标人物总核对,D:\第二十三届中国研究生数学建模竞赛 - 中文题目\中文题目\E题\工程\data\raw\extracted\E题数据\附件1-数据集原始多模态样本\MOSEI数据集部分原始视频-100条\-HwX2H8Z4hY\9.mp4,It is a word which the administrator uses when he turns around anything which he doesn't like that the teacher is doing,,,,,,,,,,,
异常点,-HwX2H8Z4hY$_$9,REVIEW,low_ctc_confidence,D:\第二十三届中国研究生数学建模竞赛 - 中文题目\中文题目\E题\工程\data\raw\extracted\E题数据\附件1-数据集原始多模态样本\MOSEI数据集部分原始视频-100条\-HwX2H8Z4hY\9.mp4,It is a word which the administrator uses when he turns around anything which he doesn't like that the teacher is doing,the,5.894,6.3937,6.4538,0.043,,,,,,
异常点,-HwX2H8Z4hY$_$9,REVIEW,low_face_coverage,D:\第二十三届中国研究生数学建模竞赛 - 中文题目\中文题目\E题\工程\data\raw\extracted\E题数据\附件1-数据集原始多模态样本\MOSEI数据集部分原始视频-100条\-HwX2H8Z4hY\9.mp4,It is a word which the administrator uses when he turns around anything which he doesn't like that the teacher is doing,,,,,,,,,,,
整段,-I_e4mIh0yE$_$1,PASS,文本/音画/目标人物总核对,D:\第二十三届中国研究生数学建模竞赛 - 中文题目\中文题目\E题\工程\data\raw\extracted\E题数据\附件1-数据集原始多模态样本\MOSEI数据集部分原始视频-100条\-I_e4mIh0yE\1.mp4,In the United States we don't punish failure to the degree to which failure is punished in Europe.,,,,,,,,,,,
整段,-I_e4mIh0yE$_$3,PASS,文本/音画/目标人物总核对,D:\第二十三届中国研究生数学建模竞赛 - 中文题目\中文题目\E题\工程\data\raw\extracted\E题数据\附件1-数据集原始多模态样本\MOSEI数据集部分原始视频-100条\-I_e4mIh0yE\3.mp4,"It's perceived that you have actually learned something, over the course of your carreer, and that you won't make the mistake twice.",,,,,,,,,,,
整段,-iRBcNs9oI8$_$3,REVIEW,文本/音画/目标人物总核对,D:\第二十三届中国研究生数学建模竞赛 - 中文题目\中文题目\E题\工程\data\raw\extracted\E题数据\附件1-数据集原始多模态样本\MOSEI数据集部分原始视频-100条\-iRBcNs9oI8\3.mp4,"Well, it is the secret of power pose",,,,,,,,,,,
异常点,-iRBcNs9oI8$_$3,REVIEW,low_ctc_confidence,D:\第二十三届中国研究生数学建模竞赛 - 中文题目\中文题目\E题\工程\data\raw\extracted\E题数据\附件1-数据集原始多模态样本\MOSEI数据集部分原始视频-100条\-iRBcNs9oI8\3.mp4,"Well, it is the secret of power pose",it,0.724,1.224,1.2642,0.0,,,,,,
异常点,-iRBcNs9oI8$_$3,REVIEW,low_ctc_confidence,D:\第二十三届中国研究生数学建模竞赛 - 中文题目\中文题目\E题\工程\data\raw\extracted\E题数据\附件1-数据集原始多模态样本\MOSEI数据集部分原始视频-100条\-iRBcNs9oI8\3.mp4,"Well, it is the secret of power pose",is,1.486,1.9865,2.0267,0.001,,,,,,
异常点,-iRBcNs9oI8$_$3,REVIEW,low_face_coverage,D:\第二十三届中国研究生数学建模竞赛 - 中文题目\中文题目\E题\工程\data\raw\extracted\E题数据\附件1-数据集原始多模态样本\MOSEI数据集部分原始视频-100条\-iRBcNs9oI8\3.mp4,"Well, it is the secret of power pose",,,,,,,,,,,
整段,-iRBcNs9oI8$_$6,REVIEW,文本/音画/目标人物总核对,D:\第二十三届中国研究生数学建模竞赛 - 中文题目\中文题目\E题\工程\data\raw\extracted\E题数据\附件1-数据集原始多模态样本\MOSEI数据集部分原始视频-100条\-iRBcNs9oI8\6.mp4,What is a power pose,,,,,,,,,,,
异常点,-iRBcNs9oI8$_$6,REVIEW,low_ctc_confidence,D:\第二十三届中国研究生数学建模竞赛 - 中文题目\中文题目\E题\工程\data\raw\extracted\E题数据\附件1-数据集原始多模态样本\MOSEI数据集部分原始视频-100条\-iRBcNs9oI8\6.mp4,What is a power pose,a,1.132,1.6318,1.652,0.0,,,,,,
异常点,-iRBcNs9oI8$_$6,REVIEW,low_ctc_confidence,D:\第二十三届中国研究生数学建模竞赛 - 中文题目\中文题目\E题\工程\data\raw\extracted\E题数据\附件1-数据集原始多模态样本\MOSEI数据集部分原始视频-100条\-iRBcNs9oI8\6.mp4,What is a power pose,pose,2.058,2.5585,2.6391,0.0004,,,,,,
异常点,-iRBcNs9oI8$_$6,REVIEW,low_face_coverage,D:\第二十三届中国研究生数学建模竞赛 - 中文题目\中文题目\E题\工程\data\raw\extracted\E题数据\附件1-数据集原始多模态样本\MOSEI数据集部分原始视频-100条\-iRBcNs9oI8\6.mp4,What is a power pose,,,,,,,,,,,
整段,-iRBcNs9oI8$_$7,REVIEW,文本/音画/目标人物总核对,D:\第二十三届中国研究生数学建模竞赛 - 中文题目\中文题目\E题\工程\data\raw\extracted\E题数据\附件1-数据集原始多模态样本\MOSEI数据集部分原始视频-100条\-iRBcNs9oI8\7.mp4,"Well, for starters, let's look at the word ""power""",,,,,,,,,,,
异常点,-iRBcNs9oI8$_$7,REVIEW,low_ctc_confidence,D:\第二十三届中国研究生数学建模竞赛 - 中文题目\中文题目\E题\工程\data\raw\extracted\E题数据\附件1-数据集原始多模态样本\MOSEI数据集部分原始视频-100条\-iRBcNs9oI8\7.mp4,"Well, for starters, let's look at the word ""power""",for,0.0,0.2804,0.3605,0.0,,,,,,
异常点,-iRBcNs9oI8$_$7,REVIEW,low_ctc_confidence,D:\第二十三届中国研究生数学建模竞赛 - 中文题目\中文题目\E题\工程\data\raw\extracted\E题数据\附件1-数据集原始多模态样本\MOSEI数据集部分原始视频-100条\-iRBcNs9oI8\7.mp4,"Well, for starters, let's look at the word ""power""",look,1.903,2.4034,2.5637,0.0,,,,,,
异常点,-iRBcNs9oI8$_$7,REVIEW,low_face_coverage,D:\第二十三届中国研究生数学建模竞赛 - 中文题目\中文题目\E题\工程\data\raw\extracted\E题数据\附件1-数据集原始多模态样本\MOSEI数据集部分原始视频-100条\-iRBcNs9oI8\7.mp4,"Well, for starters, let's look at the word ""power""",,,,,,,,,,,
整段,-iRBcNs9oI8$_$8,REVIEW,文本/音画/目标人物总核对,D:\第二十三届中国研究生数学建模竞赛 - 中文题目\中文题目\E题\工程\data\raw\extracted\E题数据\附件1-数据集原始多模态样本\MOSEI数据集部分原始视频-100条\-iRBcNs9oI8\8.mp4,"I've drawn this man here, and if you can tell, he has a lot of big muscles, he looks very strong",,,,,,,,,,,
异常点,-iRBcNs9oI8$_$8,REVIEW,low_ctc_confidence,D:\第二十三届中国研究生数学建模竞赛 - 中文题目\中文题目\E题\工程\data\raw\extracted\E题数据\附件1-数据集原始多模态样本\MOSEI数据集部分原始视频-100条\-iRBcNs9oI8\8.mp4,"I've drawn this man here, and if you can tell, he has a lot of big muscles, he looks very strong",and,2.062,2.5619,2.642,0.0001,,,,,,
异常点,-iRBcNs9oI8$_$8,REVIEW,low_ctc_confidence,D:\第二十三届中国研究生数学建模竞赛 - 中文题目\中文题目\E题\工程\data\raw\extracted\E题数据\附件1-数据集原始多模态样本\MOSEI数据集部分原始视频-100条\-iRBcNs9oI8\8.mp4,"I've drawn this man here, and if you can tell, he has a lot of big muscles, he looks very strong",if,2.242,2.7421,2.8021,0.0001,,,,,,
异常点,-iRBcNs9oI8$_$8,REVIEW,low_ctc_confidence,D:\第二十三届中国研究生数学建模竞赛 - 中文题目\中文题目\E题\工程\data\raw\extracted\E题数据\附件1-数据集原始多模态样本\MOSEI数据集部分原始视频-100条\-iRBcNs9oI8\8.mp4,"I've drawn this man here, and if you can tell, he has a lot of big muscles, he looks very strong","tell,",3.723,4.2232,4.3433,0.0,,,,,,
异常点,-iRBcNs9oI8$_$8,REVIEW,low_ctc_confidence,D:\第二十三届中国研究生数学建模竞赛 - 中文题目\中文题目\E题\工程\data\raw\extracted\E题数据\附件1-数据集原始多模态样本\MOSEI数据集部分原始视频-100条\-iRBcNs9oI8\8.mp4,"I've drawn this man here, and if you can tell, he has a lot of big muscles, he looks very strong",has,4.023,4.5234,4.8036,0.0,,,,,,
异常点,-iRBcNs9oI8$_$8,REVIEW,low_ctc_confidence,D:\第二十三届中国研究生数学建模竞赛 - 中文题目\中文题目\E题\工程\data\raw\extracted\E题数据\附件1-数据集原始多模态样本\MOSEI数据集部分原始视频-100条\-iRBcNs9oI8\8.mp4,"I've drawn this man here, and if you can tell, he has a lot of big muscles, he looks very strong",he,6.705,7.2054,7.2455,0.0,,,,,,
异常点,-iRBcNs9oI8$_$8,REVIEW,low_face_coverage,D:\第二十三届中国研究生数学建模竞赛 - 中文题目\中文题目\E题\工程\data\raw\extracted\E题数据\附件1-数据集原始多模态样本\MOSEI数据集部分原始视频-100条\-iRBcNs9oI8\8.mp4,"I've drawn this man here, and if you can tell, he has a lot of big muscles, he looks very strong",,,,,,,,,,,
整段,-iRBcNs9oI8$_$9,REVIEW,文本/音画/目标人物总核对,D:\第二十三届中国研究生数学建模竞赛 - 中文题目\中文题目\E题\工程\data\raw\extracted\E题数据\附件1-数据集原始多模态样本\MOSEI数据集部分原始视频-100条\-iRBcNs9oI8\9.mp4,Power is similar to strength,,,,,,,,,,,
异常点,-iRBcNs9oI8$_$9,REVIEW,low_ctc_confidence,D:\第二十三届中国研究生数学建模竞赛 - 中文题目\中文题目\E题\工程\data\raw\extracted\E题数据\附件1-数据集原始多模态样本\MOSEI数据集部分原始视频-100条\-iRBcNs9oI8\9.mp4,Power is similar to strength,is,0.0,0.3013,0.3414,0.0001,,,,,,
异常点,-iRBcNs9oI8$_$9,REVIEW,low_face_coverage,D:\第二十三届中国研究生数学建模竞赛 - 中文题目\中文题目\E题\工程\data\raw\extracted\E题数据\附件1-数据集原始多模态样本\MOSEI数据集部分原始视频-100条\-iRBcNs9oI8\9.mp4,Power is similar to strength,,,,,,,,,,,
整段,-lzEya4AM_4$_$5,REVIEW,文本/音画/目标人物总核对,D:\第二十三届中国研究生数学建模竞赛 - 中文题目\中文题目\E题\工程\data\raw\extracted\E题数据\附件1-数据集原始多模态样本\MOSEI数据集部分原始视频-100条\-lzEya4AM_4\5.mp4,"If it falls into oh any of those three categories, inducing nausea and vomiting would be your next step.",,,,,,,,,,,
异常点,-lzEya4AM_4$_$5,REVIEW,low_ctc_confidence,D:\第二十三届中国研究生数学建模竞赛 - 中文题目\中文题目\E题\工程\data\raw\extracted\E题数据\附件1-数据集原始多模态样本\MOSEI数据集部分原始视频-100条\-lzEya4AM_4\5.mp4,"If it falls into oh any of those three categories, inducing nausea and vomiting would be your next step.",oh,0.862,1.3617,1.4418,0.0933,,,,,,
异常点,-lzEya4AM_4$_$5,REVIEW,low_face_coverage,D:\第二十三届中国研究生数学建模竞赛 - 中文题目\中文题目\E题\工程\data\raw\extracted\E题数据\附件1-数据集原始多模态样本\MOSEI数据集部分原始视频-100条\-lzEya4AM_4\5.mp4,"If it falls into oh any of those three categories, inducing nausea and vomiting would be your next step.",,,,,,,,,,,
整段,-lzEya4AM_4$_$6,REVIEW,文本/音画/目标人物总核对,D:\第二十三届中国研究生数学建模竞赛 - 中文题目\中文题目\E题\工程\data\raw\extracted\E题数据\附件1-数据集原始多模态样本\MOSEI数据集部分原始视频-100条\-lzEya4AM_4\6.mp4,"If the product or poison is some type of petroleum product or corrosive product, you would not attempt to induce vomiting and nausea, as as the product burned on the way down it could cause damage and burning on the way back up.",,,,,,,,,,,
异常点,-lzEya4AM_4$_$6,REVIEW,low_ctc_confidence,D:\第二十三届中国研究生数学建模竞赛 - 中文题目\中文题目\E题\工程\data\raw\extracted\E题数据\附件1-数据集原始多模态样本\MOSEI数据集部分原始视频-100条\-lzEya4AM_4\6.mp4,"If the product or poison is some type of petroleum product or corrosive product, you would not attempt to induce vomiting and nausea, as as the product burned on the way down it could cause damage and burning on the way back up.",as,9.274,9.7735,9.8136,0.0051,,,,,,
异常点,-lzEya4AM_4$_$6,REVIEW,low_face_coverage,D:\第二十三届中国研究生数学建模竞赛 - 中文题目\中文题目\E题\工程\data\raw\extracted\E题数据\附件1-数据集原始多模态样本\MOSEI数据集部分原始视频-100条\-lzEya4AM_4\6.mp4,"If the product or poison is some type of petroleum product or corrosive product, you would not attempt to induce vomiting and nausea, as as the product burned on the way down it could cause damage and burning on the way back up.",,,,,,,,,,,
整段,-MeTTeMJBNc$_$0,REVIEW,文本/音画/目标人物总核对,D:\第二十三届中国研究生数学建模竞赛 - 中文题目\中文题目\E题\工程\data\raw\extracted\E题数据\附件1-数据集原始多模态样本\MOSEI数据集部分原始视频-100条\-MeTTeMJBNc\0.mp4,"Okay, what happens at this point after we've taken this brief walk down memory lane, is the presentation of the gift.",,,,,,,,,,,
异常点,-MeTTeMJBNc$_$0,REVIEW,low_face_coverage,D:\第二十三届中国研究生数学建模竞赛 - 中文题目\中文题目\E题\工程\data\raw\extracted\E题数据\附件1-数据集原始多模态样本\MOSEI数据集部分原始视频-100条\-MeTTeMJBNc\0.mp4,"Okay, what happens at this point after we've taken this brief walk down memory lane, is the presentation of the gift.",,,,,,,,,,,
整段,-MeTTeMJBNc$_$13,REVIEW,文本/音画/目标人物总核对,D:\第二十三届中国研究生数学建模竞赛 - 中文题目\中文题目\E题\工程\data\raw\extracted\E题数据\附件1-数据集原始多模态样本\MOSEI数据集部分原始视频-100条\-MeTTeMJBNc\13.mp4,"It just needs to be a simple statement, and then you present the gift.",,,,,,,,,,,
异常点,-MeTTeMJBNc$_$13,REVIEW,low_face_coverage,D:\第二十三届中国研究生数学建模竞赛 - 中文题目\中文题目\E题\工程\data\raw\extracted\E题数据\附件1-数据集原始多模态样本\MOSEI数据集部分原始视频-100条\-MeTTeMJBNc\13.mp4,"It just needs to be a simple statement, and then you present the gift.",,,,,,,,,,,
整段,-MeTTeMJBNc$_$7,REVIEW,文本/音画/目标人物总核对,D:\第二十三届中国研究生数学建模竞赛 - 中文题目\中文题目\E题\工程\data\raw\extracted\E题数据\附件1-数据集原始多模态样本\MOSEI数据集部分原始视频-100条\-MeTTeMJBNc\7.mp4,"Maybe you could find a picture of the couple from their wedding or sometime in their life, or maybe even a current picture and have it put in a beautiful frame.",,,,,,,,,,,
异常点,-MeTTeMJBNc$_$7,REVIEW,low_face_coverage,D:\第二十三届中国研究生数学建模竞赛 - 中文题目\中文题目\E题\工程\data\raw\extracted\E题数据\附件1-数据集原始多模态样本\MOSEI数据集部分原始视频-100条\-MeTTeMJBNc\7.mp4,"Maybe you could find a picture of the couple from their wedding or sometime in their life, or maybe even a current picture and have it put in a beautiful frame.",,,,,,,,,,,
整段,-mJ2ud6oKI8$_$1,REVIEW,文本/音画/目标人物总核对,D:\第二十三届中国研究生数学建模竞赛 - 中文题目\中文题目\E题\工程\data\raw\extracted\E题数据\附件1-数据集原始多模态样本\MOSEI数据集部分原始视频-100条\-mJ2ud6oKI8\1.mp4,There are a dozen or more hands on techniques that we can do,,,,,,,,,,,
异常点,-mJ2ud6oKI8$_$1,REVIEW,low_ctc_confidence,D:\第二十三届中国研究生数学建模竞赛 - 中文题目\中文题目\E题\工程\data\raw\extracted\E题数据\附件1-数据集原始多模态样本\MOSEI数据集部分原始视频-100条\-mJ2ud6oKI8\1.mp4,There are a dozen or more hands on techniques that we can do,There,0.0,0.0,0.2807,0.0224,,,,,,
异常点,-mJ2ud6oKI8$_$1,REVIEW,low_ctc_confidence,D:\第二十三届中国研究生数学建模竞赛 - 中文题目\中文题目\E题\工程\data\raw\extracted\E题数据\附件1-数据集原始多模态样本\MOSEI数据集部分原始视频-100条\-mJ2ud6oKI8\1.mp4,There are a dozen or more hands on techniques that we can do,are,0.0,0.3007,0.3609,0.0259,,,,,,
异常点,-mJ2ud6oKI8$_$1,REVIEW,low_ctc_confidence,D:\第二十三届中国研究生数学建模竞赛 - 中文题目\中文题目\E题\工程\data\raw\extracted\E题数据\附件1-数据集原始多模态样本\MOSEI数据集部分原始视频-100条\-mJ2ud6oKI8\1.mp4,There are a dozen or more hands on techniques that we can do,a,0.0,0.3809,0.401,0.037,,,,,,
异常点,-mJ2ud6oKI8$_$1,REVIEW,low_ctc_confidence,D:\第二十三届中国研究生数学建模竞赛 - 中文题目\中文题目\E题\工程\data\raw\extracted\E题数据\附件1-数据集原始多模态样本\MOSEI数据集部分原始视频-100条\-mJ2ud6oKI8\1.mp4,There are a dozen or more hands on techniques that we can do,dozen,0.0,0.421,0.6215,0.011,,,,,,
异常点,-mJ2ud6oKI8$_$1,REVIEW,low_ctc_confidence,D:\第二十三届中国研究生数学建模竞赛 - 中文题目\中文题目\E题\工程\data\raw\extracted\E题数据\附件1-数据集原始多模态样本\MOSEI数据集部分原始视频-100条\-mJ2ud6oKI8\1.mp4,There are a dozen or more hands on techniques that we can do,or,0.141,0.6415,0.6816,0.014,,,,,,
异常点,-mJ2ud6oKI8$_$1,REVIEW,low_ctc_confidence,D:\第二十三届中国研究生数学建模竞赛 - 中文题目\中文题目\E题\工程\data\raw\extracted\E题数据\附件1-数据集原始多模态样本\MOSEI数据集部分原始视频-100条\-mJ2ud6oKI8\1.mp4,There are a dozen or more hands on techniques that we can do,more,0.202,0.7017,0.7819,0.0151,,,,,,
异常点,-mJ2ud6oKI8$_$1,REVIEW,low_ctc_confidence,D:\第二十三届中国研究生数学建模竞赛 - 中文题目\中文题目\E题\工程\data\raw\extracted\E题数据\附件1-数据集原始多模态样本\MOSEI数据集部分原始视频-100条\-mJ2ud6oKI8\1.mp4,There are a dozen or more hands on techniques that we can do,hands,0.302,0.8019,5.413,0.0163,,,,,,
异常点,-mJ2ud6oKI8$_$1,REVIEW,low_ctc_confidence,D:\第二十三届中国研究生数学建模竞赛 - 中文题目\中文题目\E题\工程\data\raw\extracted\E题数据\附件1-数据集原始多模态样本\MOSEI数据集部分原始视频-100条\-mJ2ud6oKI8\1.mp4,There are a dozen or more hands on techniques that we can do,on,4.933,5.433,5.4731,0.0098,,,,,,
异常点,-mJ2ud6oKI8$_$1,REVIEW,low_ctc_confidence,D:\第二十三届中国研究生数学建模竞赛 - 中文题目\中文题目\E题\工程\data\raw\extracted\E题数据\附件1-数据集原始多模态样本\MOSEI数据集部分原始视频-100条\-mJ2ud6oKI8\1.mp4,There are a dozen or more hands on techniques that we can do,techniques,4.993,5.4932,5.6936,0.0178,,,,,,
异常点,-mJ2ud6oKI8$_$1,REVIEW,low_ctc_confidence,D:\第二十三届中国研究生数学建模竞赛 - 中文题目\中文题目\E题\工程\data\raw\extracted\E题数据\附件1-数据集原始多模态样本\MOSEI数据集部分原始视频-100条\-mJ2ud6oKI8\1.mp4,There are a dozen or more hands on techniques that we can do,that,5.214,5.7137,5.7939,0.0261,,,,,,
异常点,-mJ2ud6oKI8$_$1,REVIEW,low_ctc_confidence,D:\第二十三届中国研究生数学建模竞赛 - 中文题目\中文题目\E题\工程\data\raw\extracted\E题数据\附件1-数据集原始多模态样本\MOSEI数据集部分原始视频-100条\-mJ2ud6oKI8\1.mp4,There are a dozen or more hands on techniques that we can do,we,5.314,5.8139,5.8741,0.016,,,,,,
异常点,-mJ2ud6oKI8$_$1,REVIEW,low_ctc_confidence,D:\第二十三届中国研究生数学建模竞赛 - 中文题目\中文题目\E题\工程\data\raw\extracted\E题数据\附件1-数据集原始多模态样本\MOSEI数据集部分原始视频-100条\-mJ2ud6oKI8\1.mp4,There are a dozen or more hands on techniques that we can do,can,5.434,5.9342,5.9944,0.0135,,,,,,
异常点,-mJ2ud6oKI8$_$1,REVIEW,low_ctc_confidence,D:\第二十三届中国研究生数学建模竞赛 - 中文题目\中文题目\E题\工程\data\raw\extracted\E题数据\附件1-数据集原始多模态样本\MOSEI数据集部分原始视频-100条\-mJ2ud6oKI8\1.mp4,There are a dozen or more hands on techniques that we can do,do,5.514,6.0144,6.0545,0.0108,,,,,,
异常点,-mJ2ud6oKI8$_$1,REVIEW,low_face_coverage,D:\第二十三届中国研究生数学建模竞赛 - 中文题目\中文题目\E题\工程\data\raw\extracted\E题数据\附件1-数据集原始多模态样本\MOSEI数据集部分原始视频-100条\-mJ2ud6oKI8\1.mp4,There are a dozen or more hands on techniques that we can do,,,,,,,,,,,
整段,-mJ2ud6oKI8$_$2,REVIEW,文本/音画/目标人物总核对,D:\第二十三届中国研究生数学建模竞赛 - 中文题目\中文题目\E题\工程\data\raw\extracted\E题数据\附件1-数据集原始多模态样本\MOSEI数据集部分原始视频-100条\-mJ2ud6oKI8\2.mp4,So physical therapists and chiropractors will do joint manipulations and mobilizations,,,,,,,,,,,
异常点,-mJ2ud6oKI8$_$2,REVIEW,low_ctc_confidence,D:\第二十三届中国研究生数学建模竞赛 - 中文题目\中文题目\E题\工程\data\raw\extracted\E题数据\附件1-数据集原始多模态样本\MOSEI数据集部分原始视频-100条\-mJ2ud6oKI8\2.mp4,So physical therapists and chiropractors will do joint manipulations and mobilizations,So,0.0,0.0,0.0602,0.0268,,,,,,
异常点,-mJ2ud6oKI8$_$2,REVIEW,low_ctc_confidence,D:\第二十三届中国研究生数学建模竞赛 - 中文题目\中文题目\E题\工程\data\raw\extracted\E题数据\附件1-数据集原始多模态样本\MOSEI数据集部分原始视频-100条\-mJ2ud6oKI8\2.mp4,So physical therapists and chiropractors will do joint manipulations and mobilizations,physical,0.0,0.0803,0.4015,0.0169,,,,,,
异常点,-mJ2ud6oKI8$_$2,REVIEW,low_ctc_confidence,D:\第二十三届中国研究生数学建模竞赛 - 中文题目\中文题目\E题\工程\data\raw\extracted\E题数据\附件1-数据集原始多模态样本\MOSEI数据集部分原始视频-100条\-mJ2ud6oKI8\2.mp4,So physical therapists and chiropractors will do joint manipulations and mobilizations,therapists,0.0,0.4417,2.2084,0.0248,,,,,,
异常点,-mJ2ud6oKI8$_$2,REVIEW,low_ctc_confidence,D:\第二十三届中国研究生数学建模竞赛 - 中文题目\中文题目\E题\工程\data\raw\extracted\E题数据\附件1-数据集原始多模态样本\MOSEI数据集部分原始视频-100条\-mJ2ud6oKI8\2.mp4,So physical therapists and chiropractors will do joint manipulations and mobilizations,and,1.829,2.3289,2.4895,0.0143,,,,,,
异常点,-mJ2ud6oKI8$_$2,REVIEW,low_ctc_confidence,D:\第二十三届中国研究生数学建模竞赛 - 中文题目\中文题目\E题\工程\data\raw\extracted\E题数据\附件1-数据集原始多模态样本\MOSEI数据集部分原始视频-100条\-mJ2ud6oKI8\2.mp4,So physical therapists and chiropractors will do joint manipulations and mobilizations,chiropractors,2.351,2.8508,4.6979,0.0167,,,,,,
异常点,-mJ2ud6oKI8$_$2,REVIEW,low_ctc_confidence,D:\第二十三届中国研究生数学建模竞赛 - 中文题目\中文题目\E题\工程\data\raw\extracted\E题数据\附件1-数据集原始多模态样本\MOSEI数据集部分原始视频-100条\-mJ2ud6oKI8\2.mp4,So physical therapists and chiropractors will do joint manipulations and mobilizations,will,4.238,4.738,4.8384,0.0093,,,,,,
异常点,-mJ2ud6oKI8$_$2,REVIEW,low_ctc_confidence,D:\第二十三届中国研究生数学建模竞赛 - 中文题目\中文题目\E题\工程\data\raw\extracted\E题数据\附件1-数据集原始多模态样本\MOSEI数据集部分原始视频-100条\-mJ2ud6oKI8\2.mp4,So physical therapists and chiropractors will do joint manipulations and mobilizations,do,4.359,4.8585,4.8986,0.0113,,,,,,
异常点,-mJ2ud6oKI8$_$2,REVIEW,low_ctc_confidence,D:\第二十三届中国研究生数学建模竞赛 - 中文题目\中文题目\E题\工程\data\raw\extracted\E题数据\附件1-数据集原始多模态样本\MOSEI数据集部分原始视频-100条\-mJ2ud6oKI8\2.mp4,So physical therapists and chiropractors will do joint manipulations and mobilizations,joint,4.419,4.9187,5.0191,0.0167,,,,,,
异常点,-mJ2ud6oKI8$_$2,REVIEW,low_ctc_confidence,D:\第二十三届中国研究生数学建模竞赛 - 中文题目\中文题目\E题\工程\data\raw\extracted\E题数据\附件1-数据集原始多模态样本\MOSEI数据集部分原始视频-100条\-mJ2ud6oKI8\2.mp4,So physical therapists and chiropractors will do joint manipulations and mobilizations,manipulations,4.539,5.0392,5.3002,0.0185,,,,,,
异常点,-mJ2ud6oKI8$_$2,REVIEW,low_ctc_confidence,D:\第二十三届中国研究生数学建模竞赛 - 中文题目\中文题目\E题\工程\data\raw\extracted\E题数据\附件1-数据集原始多模态样本\MOSEI数据集部分原始视频-100条\-mJ2ud6oKI8\2.mp4,So physical therapists and chiropractors will do joint manipulations and mobilizations,and,4.82,5.3202,5.3805,0.0142,,,,,,
异常点,-mJ2ud6oKI8$_$2,REVIEW,low_ctc_confidence,D:\第二十三届中国研究生数学建模竞赛 - 中文题目\中文题目\E题\工程\data\raw\extracted\E题数据\附件1-数据集原始多模态样本\MOSEI数据集部分原始视频-100条\-mJ2ud6oKI8\2.mp4,So physical therapists and chiropractors will do joint manipulations and mobilizations,mobilizations,4.901,5.4005,5.6816,0.0188,,,,,,
异常点,-mJ2ud6oKI8$_$2,REVIEW,low_face_coverage,D:\第二十三届中国研究生数学建模竞赛 - 中文题目\中文题目\E题\工程\data\raw\extracted\E题数据\附件1-数据集原始多模态样本\MOSEI数据集部分原始视频-100条\-mJ2ud6oKI8\2.mp4,So physical therapists and chiropractors will do joint manipulations and mobilizations,,,,,,,,,,,
整段,-mJ2ud6oKI8$_$6,PASS,文本/音画/目标人物总核对,D:\第二十三届中国研究生数学建模竞赛 - 中文题目\中文题目\E题\工程\data\raw\extracted\E题数据\附件1-数据集原始多模态样本\MOSEI数据集部分原始视频-100条\-mJ2ud6oKI8\6.mp4,They are all very safe,,,,,,,,,,,
整段,-mJ2ud6oKI8$_$8,REVIEW,文本/音画/目标人物总核对,D:\第二十三届中国研究生数学建模竞赛 - 中文题目\中文题目\E题\工程\data\raw\extracted\E题数据\附件1-数据集原始多模态样本\MOSEI数据集部分原始视频-100条\-mJ2ud6oKI8\8.mp4,Sometimes we have to stretch that joint that is already irritated,,,,,,,,,,,
异常点,-mJ2ud6oKI8$_$8,REVIEW,low_ctc_confidence,D:\第二十三届中国研究生数学建模竞赛 - 中文题目\中文题目\E题\工程\data\raw\extracted\E题数据\附件1-数据集原始多模态样本\MOSEI数据集部分原始视频-100条\-mJ2ud6oKI8\8.mp4,Sometimes we have to stretch that joint that is already irritated,we,0.723,1.2233,1.3637,0.0001,,,,,,
异常点,-mJ2ud6oKI8$_$8,REVIEW,low_ctc_confidence,D:\第二十三届中国研究生数学建模竞赛 - 中文题目\中文题目\E题\工程\data\raw\extracted\E题数据\附件1-数据集原始多模态样本\MOSEI数据集部分原始视频-100条\-mJ2ud6oKI8\8.mp4,Sometimes we have to stretch that joint that is already irritated,stretch,1.526,2.0255,2.3464,0.0177,,,,,,
异常点,-mJ2ud6oKI8$_$8,REVIEW,low_ctc_confidence,D:\第二十三届中国研究生数学建模竞赛 - 中文题目\中文题目\E题\工程\data\raw\extracted\E题数据\附件1-数据集原始多模态样本\MOSEI数据集部分原始视频-100条\-mJ2ud6oKI8\8.mp4,Sometimes we have to stretch that joint that is already irritated,joint,2.047,2.5469,2.7876,0.0,,,,,,
异常点,-mJ2ud6oKI8$_$8,REVIEW,low_ctc_confidence,D:\第二十三届中国研究生数学建模竞赛 - 中文题目\中文题目\E题\工程\data\raw\extracted\E题数据\附件1-数据集原始多模态样本\MOSEI数据集部分原始视频-100条\-mJ2ud6oKI8\8.mp4,Sometimes we have to stretch that joint that is already irritated,is,2.729,3.2288,3.2689,0.0131,,,,,,
整段,-mJ2ud6oKI8$_$9,REVIEW,文本/音画/目标人物总核对,D:\第二十三届中国研究生数学建模竞赛 - 中文题目\中文题目\E题\工程\data\raw\extracted\E题数据\附件1-数据集原始多模态样本\MOSEI数据集部分原始视频-100条\-mJ2ud6oKI8\9.mp4,"It's safe and the person will feel better later on, but it's sort of like flossing your teeth for the first time",,,,,,,,,,,
异常点,-mJ2ud6oKI8$_$9,REVIEW,low_ctc_confidence,D:\第二十三届中国研究生数学建模竞赛 - 中文题目\中文题目\E题\工程\data\raw\extracted\E题数据\附件1-数据集原始多模态样本\MOSEI数据集部分原始视频-100条\-mJ2ud6oKI8\9.mp4,"It's safe and the person will feel better later on, but it's sort of like flossing your teeth for the first time",the,0.341,0.8411,0.9212,0.0,,,,,,
异常点,-mJ2ud6oKI8$_$9,REVIEW,low_ctc_confidence,D:\第二十三届中国研究生数学建模竞赛 - 中文题目\中文题目\E题\工程\data\raw\extracted\E题数据\附件1-数据集原始多模态样本\MOSEI数据集部分原始视频-100条\-mJ2ud6oKI8\9.mp4,"It's safe and the person will feel better later on, but it's sort of like flossing your teeth for the first time","on,",2.183,2.6834,2.7435,0.0037,,,,,,
异常点,-mJ2ud6oKI8$_$9,REVIEW,low_ctc_confidence,D:\第二十三届中国研究生数学建模竞赛 - 中文题目\中文题目\E题\工程\data\raw\extracted\E题数据\附件1-数据集原始多模态样本\MOSEI数据集部分原始视频-100条\-mJ2ud6oKI8\9.mp4,"It's safe and the person will feel better later on, but it's sort of like flossing your teeth for the first time",of,2.944,3.4444,3.5645,0.0,,,,,,
异常点,-mJ2ud6oKI8$_$9,REVIEW,low_ctc_confidence,D:\第二十三届中国研究生数学建模竞赛 - 中文题目\中文题目\E题\工程\data\raw\extracted\E题数据\附件1-数据集原始多模态样本\MOSEI数据集部分原始视频-100条\-mJ2ud6oKI8\9.mp4,"It's safe and the person will feel better later on, but it's sort of like flossing your teeth for the first time",teeth,5.588,6.0877,6.2479,0.003,,,,,,
异常点,-mJ2ud6oKI8$_$9,REVIEW,low_ctc_confidence,D:\第二十三届中国研究生数学建模竞赛 - 中文题目\中文题目\E题\工程\data\raw\extracted\E题数据\附件1-数据集原始多模态样本\MOSEI数据集部分原始视频-100条\-mJ2ud6oKI8\9.mp4,"It's safe and the person will feel better later on, but it's sort of like flossing your teeth for the first time",time,6.309,6.8086,6.8887,0.0003,,,,,,
异常点,-mJ2ud6oKI8$_$9,REVIEW,possible_face_switch,D:\第二十三届中国研究生数学建模竞赛 - 中文题目\中文题目\E题\工程\data\raw\extracted\E题数据\附件1-数据集原始多模态样本\MOSEI数据集部分原始视频-100条\-mJ2ud6oKI8\9.mp4,"It's safe and the person will feel better later on, but it's sort of like flossing your teeth for the first time",,4.205,4.7047,,,,,,,,
整段,-mqbVkbCndg$_$0,PASS,文本/音画/目标人物总核对,D:\第二十三届中国研究生数学建模竞赛 - 中文题目\中文题目\E题\工程\data\raw\extracted\E题数据\附件1-数据集原始多模态样本\MOSEI数据集部分原始视频-100条\-mqbVkbCndg\0.mp4,"How, at a particular moment in time—our moment in time—are they limited",,,,,,,,,,,
整段,-NFrJFQijFE$_$1,REVIEW,文本/音画/目标人物总核对,D:\第二十三届中国研究生数学建模竞赛 - 中文题目\中文题目\E题\工程\data\raw\extracted\E题数据\附件1-数据集原始多模态样本\MOSEI数据集部分原始视频-100条\-NFrJFQijFE\1.mp4,Structural mounts inside have to be properly stress analyzed so we make sure all that happens,,,,,,,,,,,
异常点,-NFrJFQijFE$_$1,REVIEW,low_ctc_confidence,D:\第二十三届中国研究生数学建模竞赛 - 中文题目\中文题目\E题\工程\data\raw\extracted\E题数据\附件1-数据集原始多模态样本\MOSEI数据集部分原始视频-100条\-NFrJFQijFE\1.mp4,Structural mounts inside have to be properly stress analyzed so we make sure all that happens,Structural,0.0,0.0803,0.4816,0.0092,,,,,,
异常点,-NFrJFQijFE$_$1,REVIEW,low_ctc_confidence,D:\第二十三届中国研究生数学建模竞赛 - 中文题目\中文题目\E题\工程\data\raw\extracted\E题数据\附件1-数据集原始多模态样本\MOSEI数据集部分原始视频-100条\-NFrJFQijFE\1.mp4,Structural mounts inside have to be properly stress analyzed so we make sure all that happens,mounts,0.182,0.6823,0.8829,0.0049,,,,,,
异常点,-NFrJFQijFE$_$1,REVIEW,low_ctc_confidence,D:\第二十三届中国研究生数学建模竞赛 - 中文题目\中文题目\E题\工程\data\raw\extracted\E题数据\附件1-数据集原始多模态样本\MOSEI数据集部分原始视频-100条\-NFrJFQijFE\1.mp4,Structural mounts inside have to be properly stress analyzed so we make sure all that happens,inside,0.443,0.9431,1.1839,0.0056,,,,,,
异常点,-NFrJFQijFE$_$1,REVIEW,low_ctc_confidence,D:\第二十三届中国研究生数学建模竞赛 - 中文题目\中文题目\E题\工程\data\raw\extracted\E题数据\附件1-数据集原始多模态样本\MOSEI数据集部分原始视频-100条\-NFrJFQijFE\1.mp4,Structural mounts inside have to be properly stress analyzed so we make sure all that happens,have,0.764,1.2642,1.4448,0.0238,,,,,,
异常点,-NFrJFQijFE$_$1,REVIEW,low_ctc_confidence,D:\第二十三届中国研究生数学建模竞赛 - 中文题目\中文题目\E题\工程\data\raw\extracted\E题数据\附件1-数据集原始多模态样本\MOSEI数据集部分原始视频-100条\-NFrJFQijFE\1.mp4,Structural mounts inside have to be properly stress analyzed so we make sure all that happens,to,1.145,1.6455,1.7258,0.0079,,,,,,
异常点,-NFrJFQijFE$_$1,REVIEW,low_ctc_confidence,D:\第二十三届中国研究生数学建模竞赛 - 中文题目\中文题目\E题\工程\data\raw\extracted\E题数据\附件1-数据集原始多模态样本\MOSEI数据集部分原始视频-100条\-NFrJFQijFE\1.mp4,Structural mounts inside have to be properly stress analyzed so we make sure all that happens,be,1.386,1.8863,1.9666,0.0209,,,,,,
异常点,-NFrJFQijFE$_$1,REVIEW,low_ctc_confidence,D:\第二十三届中国研究生数学建模竞赛 - 中文题目\中文题目\E题\工程\data\raw\extracted\E题数据\附件1-数据集原始多模态样本\MOSEI数据集部分原始视频-100条\-NFrJFQijFE\1.mp4,Structural mounts inside have to be properly stress analyzed so we make sure all that happens,properly,1.547,2.0468,2.3478,0.0135,,,,,,
异常点,-NFrJFQijFE$_$1,REVIEW,low_ctc_confidence,D:\第二十三届中国研究生数学建模竞赛 - 中文题目\中文题目\E题\工程\data\raw\extracted\E题数据\附件1-数据集原始多模态样本\MOSEI数据集部分原始视频-100条\-NFrJFQijFE\1.mp4,Structural mounts inside have to be properly stress analyzed so we make sure all that happens,stress,1.868,2.3679,2.5886,0.0157,,,,,,
异常点,-NFrJFQijFE$_$1,REVIEW,low_ctc_confidence,D:\第二十三届中国研究生数学建模竞赛 - 中文题目\中文题目\E题\工程\data\raw\extracted\E题数据\附件1-数据集原始多模态样本\MOSEI数据集部分原始视频-100条\-NFrJFQijFE\1.mp4,Structural mounts inside have to be properly stress analyzed so we make sure all that happens,analyzed,2.229,2.7291,2.9298,0.019,,,,,,
异常点,-NFrJFQijFE$_$1,REVIEW,low_ctc_confidence,D:\第二十三届中国研究生数学建模竞赛 - 中文题目\中文题目\E题\工程\data\raw\extracted\E题数据\附件1-数据集原始多模态样本\MOSEI数据集部分原始视频-100条\-NFrJFQijFE\1.mp4,Structural mounts inside have to be properly stress analyzed so we make sure all that happens,so,2.45,2.9498,2.99,0.0025,,,,,,
异常点,-NFrJFQijFE$_$1,REVIEW,low_ctc_confidence,D:\第二十三届中国研究生数学建模竞赛 - 中文题目\中文题目\E题\工程\data\raw\extracted\E题数据\附件1-数据集原始多模态样本\MOSEI数据集部分原始视频-100条\-NFrJFQijFE\1.mp4,Structural mounts inside have to be properly stress analyzed so we make sure all that happens,we,2.53,3.0301,3.0702,0.0161,,,,,,
异常点,-NFrJFQijFE$_$1,REVIEW,low_ctc_confidence,D:\第二十三届中国研究生数学建模竞赛 - 中文题目\中文题目\E题\工程\data\raw\extracted\E题数据\附件1-数据集原始多模态样本\MOSEI数据集部分原始视频-100条\-NFrJFQijFE\1.mp4,Structural mounts inside have to be properly stress analyzed so we make sure all that happens,make,2.61,3.1104,3.1906,0.0073,,,,,,
异常点,-NFrJFQijFE$_$1,REVIEW,low_ctc_confidence,D:\第二十三届中国研究生数学建模竞赛 - 中文题目\中文题目\E题\工程\data\raw\extracted\E题数据\附件1-数据集原始多模态样本\MOSEI数据集部分原始视频-100条\-NFrJFQijFE\1.mp4,Structural mounts inside have to be properly stress analyzed so we make sure all that happens,sure,2.731,3.2308,3.4114,0.0073,,,,,,
异常点,-NFrJFQijFE$_$1,REVIEW,low_ctc_confidence,D:\第二十三届中国研究生数学建模竞赛 - 中文题目\中文题目\E题\工程\data\raw\extracted\E题数据\附件1-数据集原始多模态样本\MOSEI数据集部分原始视频-100条\-NFrJFQijFE\1.mp4,Structural mounts inside have to be properly stress analyzed so we make sure all that happens,all,2.951,3.4515,3.5719,0.0166,,,,,,
异常点,-NFrJFQijFE$_$1,REVIEW,low_ctc_confidence,D:\第二十三届中国研究生数学建模竞赛 - 中文题目\中文题目\E题\工程\data\raw\extracted\E题数据\附件1-数据集原始多模态样本\MOSEI数据集部分原始视频-100条\-NFrJFQijFE\1.mp4,Structural mounts inside have to be properly stress analyzed so we make sure all that happens,that,3.152,3.6522,3.7324,0.0141,,,,,,
异常点,-NFrJFQijFE$_$1,REVIEW,low_ctc_confidence,D:\第二十三届中国研究生数学建模竞赛 - 中文题目\中文题目\E题\工程\data\raw\extracted\E题数据\附件1-数据集原始多模态样本\MOSEI数据集部分原始视频-100条\-NFrJFQijFE\1.mp4,Structural mounts inside have to be properly stress analyzed so we make sure all that happens,happens,3.313,3.8127,4.0335,0.0087,,,,,,
异常点,-NFrJFQijFE$_$1,REVIEW,low_face_coverage,D:\第二十三届中国研究生数学建模竞赛 - 中文题目\中文题目\E题\工程\data\raw\extracted\E题数据\附件1-数据集原始多模态样本\MOSEI数据集部分原始视频-100条\-NFrJFQijFE\1.mp4,Structural mounts inside have to be properly stress analyzed so we make sure all that happens,,,,,,,,,,,
整段,-NFrJFQijFE$_$2,REVIEW,文本/音画/目标人物总核对,D:\第二十三届中国研究生数学建模竞赛 - 中文题目\中文题目\E题\工程\data\raw\extracted\E题数据\附件1-数据集原始多模态样本\MOSEI数据集部分原始视频-100条\-NFrJFQijFE\2.mp4,So we coordinate with all the proper technical fields to get ready for the instrument to arrive here,,,,,,,,,,,
异常点,-NFrJFQijFE$_$2,REVIEW,low_ctc_confidence,D:\第二十三届中国研究生数学建模竞赛 - 中文题目\中文题目\E题\工程\data\raw\extracted\E题数据\附件1-数据集原始多模态样本\MOSEI数据集部分原始视频-100条\-NFrJFQijFE\2.mp4,So we coordinate with all the proper technical fields to get ready for the instrument to arrive here,So,0.162,0.6618,1.8049,0.0006,,,,,,
异常点,-NFrJFQijFE$_$2,REVIEW,low_ctc_confidence,D:\第二十三届中国研究生数学建模竞赛 - 中文题目\中文题目\E题\工程\data\raw\extracted\E题数据\附件1-数据集原始多模态样本\MOSEI数据集部分原始视频-100条\-NFrJFQijFE\2.mp4,So we coordinate with all the proper technical fields to get ready for the instrument to arrive here,we,1.445,1.9453,2.0456,0.0006,,,,,,
异常点,-NFrJFQijFE$_$2,REVIEW,low_ctc_confidence,D:\第二十三届中国研究生数学建模竞赛 - 中文题目\中文题目\E题\工程\data\raw\extracted\E题数据\附件1-数据集原始多模态样本\MOSEI数据集部分原始视频-100条\-NFrJFQijFE\2.mp4,So we coordinate with all the proper technical fields to get ready for the instrument to arrive here,coordinate,1.646,2.1459,2.4066,0.003,,,,,,
异常点,-NFrJFQijFE$_$2,REVIEW,low_ctc_confidence,D:\第二十三届中国研究生数学建模竞赛 - 中文题目\中文题目\E题\工程\data\raw\extracted\E题数据\附件1-数据集原始多模态样本\MOSEI数据集部分原始视频-100条\-NFrJFQijFE\2.mp4,So we coordinate with all the proper technical fields to get ready for the instrument to arrive here,with,1.927,2.4266,2.5069,0.0051,,,,,,
异常点,-NFrJFQijFE$_$2,REVIEW,low_ctc_confidence,D:\第二十三届中国研究生数学建模竞赛 - 中文题目\中文题目\E题\工程\data\raw\extracted\E题数据\附件1-数据集原始多模态样本\MOSEI数据集部分原始视频-100条\-NFrJFQijFE\2.mp4,So we coordinate with all the proper technical fields to get ready for the instrument to arrive here,all,2.027,2.5269,2.6071,0.0017,,,,,,
异常点,-NFrJFQijFE$_$2,REVIEW,low_ctc_confidence,D:\第二十三届中国研究生数学建模竞赛 - 中文题目\中文题目\E题\工程\data\raw\extracted\E题数据\附件1-数据集原始多模态样本\MOSEI数据集部分原始视频-100条\-NFrJFQijFE\2.mp4,So we coordinate with all the proper technical fields to get ready for the instrument to arrive here,the,2.147,2.6472,2.7475,0.0486,,,,,,
异常点,-NFrJFQijFE$_$2,REVIEW,low_ctc_confidence,D:\第二十三届中国研究生数学建模竞赛 - 中文题目\中文题目\E题\工程\data\raw\extracted\E题数据\附件1-数据集原始多模态样本\MOSEI数据集部分原始视频-100条\-NFrJFQijFE\2.mp4,So we coordinate with all the proper technical fields to get ready for the instrument to arrive here,proper,2.268,2.7676,2.908,0.0072,,,,,,
异常点,-NFrJFQijFE$_$2,REVIEW,low_ctc_confidence,D:\第二十三届中国研究生数学建模竞赛 - 中文题目\中文题目\E题\工程\data\raw\extracted\E题数据\附件1-数据集原始多模态样本\MOSEI数据集部分原始视频-100条\-NFrJFQijFE\2.mp4,So we coordinate with all the proper technical fields to get ready for the instrument to arrive here,fields,3.611,4.1112,4.2917,0.0069,,,,,,
异常点,-NFrJFQijFE$_$2,REVIEW,low_ctc_confidence,D:\第二十三届中国研究生数学建模竞赛 - 中文题目\中文题目\E题\工程\data\raw\extracted\E题数据\附件1-数据集原始多模态样本\MOSEI数据集部分原始视频-100条\-NFrJFQijFE\2.mp4,So we coordinate with all the proper technical fields to get ready for the instrument to arrive here,get,3.892,4.392,4.4522,0.0008,,,,,,
异常点,-NFrJFQijFE$_$2,REVIEW,low_ctc_confidence,D:\第二十三届中国研究生数学建模竞赛 - 中文题目\中文题目\E题\工程\data\raw\extracted\E题数据\附件1-数据集原始多模态样本\MOSEI数据集部分原始视频-100条\-NFrJFQijFE\2.mp4,So we coordinate with all the proper technical fields to get ready for the instrument to arrive here,for,4.193,4.6928,4.753,0.0084,,,,,,
异常点,-NFrJFQijFE$_$2,REVIEW,low_ctc_confidence,D:\第二十三届中国研究生数学建模竞赛 - 中文题目\中文题目\E题\工程\data\raw\extracted\E题数据\附件1-数据集原始多模态样本\MOSEI数据集部分原始视频-100条\-NFrJFQijFE\2.mp4,So we coordinate with all the proper technical fields to get ready for the instrument to arrive here,the,4.273,4.773,4.8533,0.0021,,,,,,
异常点,-NFrJFQijFE$_$2,REVIEW,low_ctc_confidence,D:\第二十三届中国研究生数学建模竞赛 - 中文题目\中文题目\E题\工程\data\raw\extracted\E题数据\附件1-数据集原始多模态样本\MOSEI数据集部分原始视频-100条\-NFrJFQijFE\2.mp4,So we coordinate with all the proper technical fields to get ready for the instrument to arrive here,here,6.098,6.598,6.6983,0.0258,,,,,,
异常点,-NFrJFQijFE$_$2,REVIEW,low_face_coverage,D:\第二十三届中国研究生数学建模竞赛 - 中文题目\中文题目\E题\工程\data\raw\extracted\E题数据\附件1-数据集原始多模态样本\MOSEI数据集部分原始视频-100条\-NFrJFQijFE\2.mp4,So we coordinate with all the proper technical fields to get ready for the instrument to arrive here,,,,,,,,,,,
整段,-qDkUB0GgYY$_$6,REVIEW,文本/音画/目标人物总核对,D:\第二十三届中国研究生数学建模竞赛 - 中文题目\中文题目\E题\工程\data\raw\extracted\E题数据\附件1-数据集原始多模态样本\MOSEI数据集部分原始视频-100条\-qDkUB0GgYY\6.mp4,"We always love to hear what you say, and like and share this video as well.",,,,,,,,,,,
异常点,-qDkUB0GgYY$_$6,REVIEW,low_ctc_confidence,D:\第二十三届中国研究生数学建模竞赛 - 中文题目\中文题目\E题\工程\data\raw\extracted\E题数据\附件1-数据集原始多模态样本\MOSEI数据集部分原始视频-100条\-qDkUB0GgYY\6.mp4,"We always love to hear what you say, and like and share this video as well.",video,2.951,3.451,3.5714,0.0152,,,,,,
异常点,-qDkUB0GgYY$_$6,REVIEW,low_face_coverage,D:\第二十三届中国研究生数学建模竞赛 - 中文题目\中文题目\E题\工程\data\raw\extracted\E题数据\附件1-数据集原始多模态样本\MOSEI数据集部分原始视频-100条\-qDkUB0GgYY\6.mp4,"We always love to hear what you say, and like and share this video as well.",,,,,,,,,,,
整段,-RfYyzHpjk4$_$11,PASS,文本/音画/目标人物总核对,D:\第二十三届中国研究生数学建模竞赛 - 中文题目\中文题目\E题\工程\data\raw\extracted\E题数据\附件1-数据集原始多模态样本\MOSEI数据集部分原始视频-100条\-RfYyzHpjk4\11.mp4,"So get your friends lined up, get your business colleagues lined up and have a good time.",,,,,,,,,,,
整段,-RfYyzHpjk4$_$2,REVIEW,文本/音画/目标人物总核对,D:\第二十三届中国研究生数学建模竞赛 - 中文题目\中文题目\E题\工程\data\raw\extracted\E题数据\附件1-数据集原始多模态样本\MOSEI数据集部分原始视频-100条\-RfYyzHpjk4\2.mp4,"You can make a conference call but it takes quite a bit of planning, well not a lot of planning it's pretty easy to do.",,,,,,,,,,,
异常点,-RfYyzHpjk4$_$2,REVIEW,low_ctc_confidence,D:\第二十三届中国研究生数学建模竞赛 - 中文题目\中文题目\E题\工程\data\raw\extracted\E题数据\附件1-数据集原始多模态样本\MOSEI数据集部分原始视频-100条\-RfYyzHpjk4\2.mp4,"You can make a conference call but it takes quite a bit of planning, well not a lot of planning it's pretty easy to do.",it,1.184,1.6837,1.7238,0.0017,,,,,,
异常点,-RfYyzHpjk4$_$2,REVIEW,low_ctc_confidence,D:\第二十三届中国研究生数学建模竞赛 - 中文题目\中文题目\E题\工程\data\raw\extracted\E题数据\附件1-数据集原始多模态样本\MOSEI数据集部分原始视频-100条\-RfYyzHpjk4\2.mp4,"You can make a conference call but it takes quite a bit of planning, well not a lot of planning it's pretty easy to do.",do.,4.771,5.2715,5.3718,0.0064,,,,,,
整段,-RfYyzHpjk4$_$8,PASS,文本/音画/目标人物总核对,D:\第二十三届中国研究生数学建模竞赛 - 中文题目\中文题目\E题\工程\data\raw\extracted\E题数据\附件1-数据集原始多模态样本\MOSEI数据集部分原始视频-100条\-RfYyzHpjk4\8.mp4,"It's pretty, pretty easy to do but you got to set up those numbers ahead of time.",,,,,,,,,,,
整段,-ri04Z7vwnc$_$0,REVIEW,文本/音画/目标人物总核对,D:\第二十三届中国研究生数学建模竞赛 - 中文题目\中文题目\E题\工程\data\raw\extracted\E题数据\附件1-数据集原始多模态样本\MOSEI数据集部分原始视频-100条\-ri04Z7vwnc\0.mp4,going to get married or are already married,,,,,,,,,,,
异常点,-ri04Z7vwnc$_$0,REVIEW,low_ctc_confidence,D:\第二十三届中国研究生数学建模竞赛 - 中文题目\中文题目\E题\工程\data\raw\extracted\E题数据\附件1-数据集原始多模态样本\MOSEI数据集部分原始视频-100条\-ri04Z7vwnc\0.mp4,going to get married or are already married,going,0.0,0.0202,0.1815,0.0535,,,,,,
异常点,-ri04Z7vwnc$_$0,REVIEW,low_ctc_confidence,D:\第二十三届中国研究生数学建模竞赛 - 中文题目\中文题目\E题\工程\data\raw\extracted\E题数据\附件1-数据集原始多模态样本\MOSEI数据集部分原始视频-100条\-ri04Z7vwnc\0.mp4,going to get married or are already married,get,0.0,0.4236,0.5244,0.0239,,,,,,
异常点,-ri04Z7vwnc$_$0,REVIEW,low_ctc_confidence,D:\第二十三届中国研究生数学建模竞赛 - 中文题目\中文题目\E题\工程\data\raw\extracted\E题数据\附件1-数据集原始多模态样本\MOSEI数据集部分原始视频-100条\-ri04Z7vwnc\0.mp4,going to get married or are already married,or,1.537,2.0371,2.0775,0.0097,,,,,,
异常点,-ri04Z7vwnc$_$0,REVIEW,low_ctc_confidence,D:\第二十三届中国研究生数学建模竞赛 - 中文题目\中文题目\E题\工程\data\raw\extracted\E题数据\附件1-数据集原始多模态样本\MOSEI数据集部分原始视频-100条\-ri04Z7vwnc\0.mp4,going to get married or are already married,are,1.719,2.2187,2.2792,0.003,,,,,,
异常点,-ri04Z7vwnc$_$0,REVIEW,low_ctc_confidence,D:\第二十三届中国研究生数学建模竞赛 - 中文题目\中文题目\E题\工程\data\raw\extracted\E题数据\附件1-数据集原始多模态样本\MOSEI数据集部分原始视频-100条\-ri04Z7vwnc\0.mp4,going to get married or are already married,already,1.799,2.2993,2.4405,0.0512,,,,,,
异常点,-ri04Z7vwnc$_$0,REVIEW,low_ctc_confidence,D:\第二十三届中国研究生数学建模竞赛 - 中文题目\中文题目\E题\工程\data\raw\extracted\E题数据\附件1-数据集原始多模态样本\MOSEI数据集部分原始视频-100条\-ri04Z7vwnc\0.mp4,going to get married or are already married,married,1.961,2.4607,2.7633,0.0187,,,,,,
异常点,-ri04Z7vwnc$_$0,REVIEW,low_face_coverage,D:\第二十三届中国研究生数学建模竞赛 - 中文题目\中文题目\E题\工程\data\raw\extracted\E题数据\附件1-数据集原始多模态样本\MOSEI数据集部分原始视频-100条\-ri04Z7vwnc\0.mp4,going to get married or are already married,,,,,,,,,,,
整段,-ri04Z7vwnc$_$2,REVIEW,文本/音画/目标人物总核对,D:\第二十三届中国研究生数学建模竞赛 - 中文题目\中文题目\E题\工程\data\raw\extracted\E题数据\附件1-数据集原始多模态样本\MOSEI数据集部分原始视频-100条\-ri04Z7vwnc\2.mp4,"most people think it'll sort itself out, ""we'll discuss it later,"" it's not something too important",,,,,,,,,,,
异常点,-ri04Z7vwnc$_$2,REVIEW,low_ctc_confidence,D:\第二十三届中国研究生数学建模竞赛 - 中文题目\中文题目\E题\工程\data\raw\extracted\E题数据\附件1-数据集原始多模态样本\MOSEI数据集部分原始视频-100条\-ri04Z7vwnc\2.mp4,"most people think it'll sort itself out, ""we'll discuss it later,"" it's not something too important",most,0.0,0.0401,0.3207,0.0116,,,,,,
异常点,-ri04Z7vwnc$_$2,REVIEW,low_ctc_confidence,D:\第二十三届中国研究生数学建模竞赛 - 中文题目\中文题目\E题\工程\data\raw\extracted\E题数据\附件1-数据集原始多模态样本\MOSEI数据集部分原始视频-100条\-ri04Z7vwnc\2.mp4,"most people think it'll sort itself out, ""we'll discuss it later,"" it's not something too important",people,0.0,0.421,0.8018,0.0467,,,,,,
异常点,-ri04Z7vwnc$_$2,REVIEW,low_ctc_confidence,D:\第二十三届中国研究生数学建模竞赛 - 中文题目\中文题目\E题\工程\data\raw\extracted\E题数据\附件1-数据集原始多模态样本\MOSEI数据集部分原始视频-100条\-ri04Z7vwnc\2.mp4,"most people think it'll sort itself out, ""we'll discuss it later,"" it's not something too important",think,0.402,0.902,1.1025,0.0073,,,,,,
异常点,-ri04Z7vwnc$_$2,REVIEW,low_ctc_confidence,D:\第二十三届中国研究生数学建模竞赛 - 中文题目\中文题目\E题\工程\data\raw\extracted\E题数据\附件1-数据集原始多模态样本\MOSEI数据集部分原始视频-100条\-ri04Z7vwnc\2.mp4,"most people think it'll sort itself out, ""we'll discuss it later,"" it's not something too important",sort,1.424,1.9244,2.7462,0.0818,,,,,,
异常点,-ri04Z7vwnc$_$2,REVIEW,low_ctc_confidence,D:\第二十三届中国研究生数学建模竞赛 - 中文题目\中文题目\E题\工程\data\raw\extracted\E题数据\附件1-数据集原始多模态样本\MOSEI数据集部分原始视频-100条\-ri04Z7vwnc\2.mp4,"most people think it'll sort itself out, ""we'll discuss it later,"" it's not something too important",itself,2.266,2.7663,2.8865,0.0012,,,,,,
异常点,-ri04Z7vwnc$_$2,REVIEW,low_ctc_confidence,D:\第二十三届中国研究生数学建模竞赛 - 中文题目\中文题目\E题\工程\data\raw\extracted\E题数据\附件1-数据集原始多模态样本\MOSEI数据集部分原始视频-100条\-ri04Z7vwnc\2.mp4,"most people think it'll sort itself out, ""we'll discuss it later,"" it's not something too important","out,",2.447,2.9467,3.0268,0.0141,,,,,,
异常点,-ri04Z7vwnc$_$2,REVIEW,low_ctc_confidence,D:\第二十三届中国研究生数学建模竞赛 - 中文题目\中文题目\E题\工程\data\raw\extracted\E题数据\附件1-数据集原始多模态样本\MOSEI数据集部分原始视频-100条\-ri04Z7vwnc\2.mp4,"most people think it'll sort itself out, ""we'll discuss it later,"" it's not something too important","""we'll",2.687,3.1872,3.528,0.0085,,,,,,
异常点,-ri04Z7vwnc$_$2,REVIEW,low_ctc_confidence,D:\第二十三届中国研究生数学建模竞赛 - 中文题目\中文题目\E题\工程\data\raw\extracted\E题数据\附件1-数据集原始多模态样本\MOSEI数据集部分原始视频-100条\-ri04Z7vwnc\2.mp4,"most people think it'll sort itself out, ""we'll discuss it later,"" it's not something too important",discuss,3.048,3.548,3.7685,0.0118,,,,,,
异常点,-ri04Z7vwnc$_$2,REVIEW,low_ctc_confidence,D:\第二十三届中国研究生数学建模竞赛 - 中文题目\中文题目\E题\工程\data\raw\extracted\E题数据\附件1-数据集原始多模态样本\MOSEI数据集部分原始视频-100条\-ri04Z7vwnc\2.mp4,"most people think it'll sort itself out, ""we'll discuss it later,"" it's not something too important",it,3.289,3.7886,3.8287,0.0005,,,,,,
异常点,-ri04Z7vwnc$_$2,REVIEW,low_ctc_confidence,D:\第二十三届中国研究生数学建模竞赛 - 中文题目\中文题目\E题\工程\data\raw\extracted\E题数据\附件1-数据集原始多模态样本\MOSEI数据集部分原始视频-100条\-ri04Z7vwnc\2.mp4,"most people think it'll sort itself out, ""we'll discuss it later,"" it's not something too important","later,""",3.349,3.8487,3.989,0.0437,,,,,,
异常点,-ri04Z7vwnc$_$2,REVIEW,low_ctc_confidence,D:\第二十三届中国研究生数学建模竞赛 - 中文题目\中文题目\E题\工程\data\raw\extracted\E题数据\附件1-数据集原始多模态样本\MOSEI数据集部分原始视频-100条\-ri04Z7vwnc\2.mp4,"most people think it'll sort itself out, ""we'll discuss it later,"" it's not something too important",it's,3.85,4.3498,4.4701,0.0463,,,,,,
异常点,-ri04Z7vwnc$_$2,REVIEW,low_ctc_confidence,D:\第二十三届中国研究生数学建模竞赛 - 中文题目\中文题目\E题\工程\data\raw\extracted\E题数据\附件1-数据集原始多模态样本\MOSEI数据集部分原始视频-100条\-ri04Z7vwnc\2.mp4,"most people think it'll sort itself out, ""we'll discuss it later,"" it's not something too important",not,3.99,4.4902,4.8911,0.0001,,,,,,
异常点,-ri04Z7vwnc$_$2,REVIEW,low_ctc_confidence,D:\第二十三届中国研究生数学建模竞赛 - 中文题目\中文题目\E题\工程\data\raw\extracted\E题数据\附件1-数据集原始多模态样本\MOSEI数据集部分原始视频-100条\-ri04Z7vwnc\2.mp4,"most people think it'll sort itself out, ""we'll discuss it later,"" it's not something too important",too,4.632,5.1316,5.2719,0.0002,,,,,,
异常点,-ri04Z7vwnc$_$2,REVIEW,low_ctc_confidence,D:\第二十三届中国研究生数学建模竞赛 - 中文题目\中文题目\E题\工程\data\raw\extracted\E题数据\附件1-数据集原始多模态样本\MOSEI数据集部分原始视频-100条\-ri04Z7vwnc\2.mp4,"most people think it'll sort itself out, ""we'll discuss it later,"" it's not something too important",important,4.872,5.3722,5.5726,0.0036,,,,,,
异常点,-ri04Z7vwnc$_$2,REVIEW,low_face_coverage,D:\第二十三届中国研究生数学建模竞赛 - 中文题目\中文题目\E题\工程\data\raw\extracted\E题数据\附件1-数据集原始多模态样本\MOSEI数据集部分原始视频-100条\-ri04Z7vwnc\2.mp4,"most people think it'll sort itself out, ""we'll discuss it later,"" it's not something too important",,,,,,,,,,,
整段,-ri04Z7vwnc$_$5,REVIEW,文本/音画/目标人物总核对,D:\第二十三届中国研究生数学建模竞赛 - 中文题目\中文题目\E题\工程\data\raw\extracted\E题数据\附件1-数据集原始多模态样本\MOSEI数据集部分原始视频-100条\-ri04Z7vwnc\5.mp4,""" So I think it's important to discuss finances",,,,,,,,,,,
异常点,-ri04Z7vwnc$_$5,REVIEW,unsupported_ctc_text,D:\第二十三届中国研究生数学建模竞赛 - 中文题目\中文题目\E题\工程\data\raw\extracted\E题数据\附件1-数据集原始多模态样本\MOSEI数据集部分原始视频-100条\-ri04Z7vwnc\5.mp4,""" So I think it's important to discuss finances","""",,,,,,,,,,
异常点,-ri04Z7vwnc$_$5,REVIEW,low_ctc_confidence,D:\第二十三届中国研究生数学建模竞赛 - 中文题目\中文题目\E题\工程\data\raw\extracted\E题数据\附件1-数据集原始多模态样本\MOSEI数据集部分原始视频-100条\-ri04Z7vwnc\5.mp4,""" So I think it's important to discuss finances",I,0.284,0.7845,0.8046,0.0004,,,,,,
异常点,-ri04Z7vwnc$_$5,REVIEW,low_ctc_confidence,D:\第二十三届中国研究生数学建模竞赛 - 中文题目\中文题目\E题\工程\data\raw\extracted\E题数据\附件1-数据集原始多模态样本\MOSEI数据集部分原始视频-100条\-ri04Z7vwnc\5.mp4,""" So I think it's important to discuss finances",think,0.385,0.8851,1.0661,0.0,,,,,,
异常点,-ri04Z7vwnc$_$5,REVIEW,low_ctc_confidence,D:\第二十三届中国研究生数学建模竞赛 - 中文题目\中文题目\E题\工程\data\raw\extracted\E题数据\附件1-数据集原始多模态样本\MOSEI数据集部分原始视频-100条\-ri04Z7vwnc\5.mp4,""" So I think it's important to discuss finances",it's,0.627,1.1265,1.2874,0.0006,,,,,,
异常点,-ri04Z7vwnc$_$5,REVIEW,low_ctc_confidence,D:\第二十三届中国研究生数学建模竞赛 - 中文题目\中文题目\E题\工程\data\raw\extracted\E题数据\附件1-数据集原始多模态样本\MOSEI数据集部分原始视频-100条\-ri04Z7vwnc\5.mp4,""" So I think it's important to discuss finances",finances,2.417,2.9167,3.3392,0.0248,,,,,,
整段,-s9qJ7ATP7w$_$0,REVIEW,文本/音画/目标人物总核对,D:\第二十三届中国研究生数学建模竞赛 - 中文题目\中文题目\E题\工程\data\raw\extracted\E题数据\附件1-数据集原始多模态样本\MOSEI数据集部分原始视频-100条\-s9qJ7ATP7w\0.mp4,"they have doubt, they have fear, they lose in a Ferrari race, or they lose in a race, and then they just give up",,,,,,,,,,,
异常点,-s9qJ7ATP7w$_$0,REVIEW,low_ctc_confidence,D:\第二十三届中国研究生数学建模竞赛 - 中文题目\中文题目\E题\工程\data\raw\extracted\E题数据\附件1-数据集原始多模态样本\MOSEI数据集部分原始视频-100条\-s9qJ7ATP7w\0.mp4,"they have doubt, they have fear, they lose in a Ferrari race, or they lose in a race, and then they just give up",they,0.0,0.02,0.1002,0.0856,,,,,,
异常点,-s9qJ7ATP7w$_$0,REVIEW,possible_face_switch,D:\第二十三届中国研究生数学建模竞赛 - 中文题目\中文题目\E题\工程\data\raw\extracted\E题数据\附件1-数据集原始多模态样本\MOSEI数据集部分原始视频-100条\-s9qJ7ATP7w\0.mp4,"they have doubt, they have fear, they lose in a Ferrari race, or they lose in a race, and then they just give up",,1.7,2.2,,,,,,,,
整段,-s9qJ7ATP7w$_$1,PASS,文本/音画/目标人物总核对,D:\第二十三届中国研究生数学建模竞赛 - 中文题目\中文题目\E题\工程\data\raw\extracted\E题数据\附件1-数据集原始多模态样本\MOSEI数据集部分原始视频-100条\-s9qJ7ATP7w\1.mp4,"But the hardest thing in life to learn, is to lose",,,,,,,,,,,
整段,-s9qJ7ATP7w$_$4,PASS,文本/音画/目标人物总核对,D:\第二十三届中国研究生数学建模竞赛 - 中文题目\中文题目\E题\工程\data\raw\extracted\E题数据\附件1-数据集原始多模态样本\MOSEI数据集部分原始视频-100条\-s9qJ7ATP7w\4.mp4,"I have lost at everything you can imagine, seriously",,,,,,,,,,,
整段,-s9qJ7ATP7w$_$5,REVIEW,文本/音画/目标人物总核对,D:\第二十三届中国研究生数学建模竞赛 - 中文题目\中文题目\E题\工程\data\raw\extracted\E题数据\附件1-数据集原始多模态样本\MOSEI数据集部分原始视频-100条\-s9qJ7ATP7w\5.mp4,"I have been beat up and put down and everything that can go wrong, has gone wrong for me",,,,,,,,,,,
异常点,-s9qJ7ATP7w$_$5,REVIEW,low_ctc_confidence,D:\第二十三届中国研究生数学建模竞赛 - 中文题目\中文题目\E题\工程\data\raw\extracted\E题数据\附件1-数据集原始多模态样本\MOSEI数据集部分原始视频-100条\-s9qJ7ATP7w\5.mp4,"I have been beat up and put down and everything that can go wrong, has gone wrong for me",I,0.0,0.4009,0.4209,0.0003,,,,,,
整段,-s9qJ7ATP7w$_$6,PASS,文本/音画/目标人物总核对,D:\第二十三届中国研究生数学建模竞赛 - 中文题目\中文题目\E题\工程\data\raw\extracted\E题数据\附件1-数据集原始多模态样本\MOSEI数据集部分原始视频-100条\-s9qJ7ATP7w\6.mp4,But I just kept going,,,,,,,,,,,
整段,-s9qJ7ATP7w$_$7,REVIEW,文本/音画/目标人物总核对,D:\第二十三届中国研究生数学建模竞赛 - 中文题目\中文题目\E题\工程\data\raw\extracted\E题数据\附件1-数据集原始多模态样本\MOSEI数据集部分原始视频-100条\-s9qJ7ATP7w\7.mp4,"I used to work for Warren Avis, the guy who started Avis Rent a Car, and he said to me one day, ""Robert, ""what's the purpose of business",,,,,,,,,,,
异常点,-s9qJ7ATP7w$_$7,REVIEW,low_ctc_confidence,D:\第二十三届中国研究生数学建模竞赛 - 中文题目\中文题目\E题\工程\data\raw\extracted\E题数据\附件1-数据集原始多模态样本\MOSEI数据集部分原始视频-100条\-s9qJ7ATP7w\7.mp4,"I used to work for Warren Avis, the guy who started Avis Rent a Car, and he said to me one day, ""Robert, ""what's the purpose of business",who,1.666,2.1659,2.226,0.0439,,,,,,
异常点,-s9qJ7ATP7w$_$7,REVIEW,low_ctc_confidence,D:\第二十三届中国研究生数学建模竞赛 - 中文题目\中文题目\E题\工程\data\raw\extracted\E题数据\附件1-数据集原始多模态样本\MOSEI数据集部分原始视频-100条\-s9qJ7ATP7w\7.mp4,"I used to work for Warren Avis, the guy who started Avis Rent a Car, and he said to me one day, ""Robert, ""what's the purpose of business",to,3.15,3.6499,3.69,0.0005,,,,,,
异常点,-s9qJ7ATP7w$_$7,REVIEW,possible_face_switch,D:\第二十三届中国研究生数学建模竞赛 - 中文题目\中文题目\E题\工程\data\raw\extracted\E题数据\附件1-数据集原始多模态样本\MOSEI数据集部分原始视频-100条\-s9qJ7ATP7w\7.mp4,"I used to work for Warren Avis, the guy who started Avis Rent a Car, and he said to me one day, ""Robert, ""what's the purpose of business",,2.7,3.2,,,,,,,,
异常点,-s9qJ7ATP7w$_$7,REVIEW,possible_face_switch,D:\第二十三届中国研究生数学建模竞赛 - 中文题目\中文题目\E题\工程\data\raw\extracted\E题数据\附件1-数据集原始多模态样本\MOSEI数据集部分原始视频-100条\-s9qJ7ATP7w\7.mp4,"I used to work for Warren Avis, the guy who started Avis Rent a Car, and he said to me one day, ""Robert, ""what's the purpose of business",,5.9,6.4,,,,,,,,
整段,-s9qJ7ATP7w$_$8,REVIEW,文本/音画/目标人物总核对,D:\第二十三届中国研究生数学建模竞赛 - 中文题目\中文题目\E题\工程\data\raw\extracted\E题数据\附件1-数据集原始多模态样本\MOSEI数据集部分原始视频-100条\-s9qJ7ATP7w\8.mp4,""" And I said, ""Oh, make a profit, and all these other things",,,,,,,,,,,
异常点,-s9qJ7ATP7w$_$8,REVIEW,unsupported_ctc_text,D:\第二十三届中国研究生数学建模竞赛 - 中文题目\中文题目\E题\工程\data\raw\extracted\E题数据\附件1-数据集原始多模态样本\MOSEI数据集部分原始视频-100条\-s9qJ7ATP7w\8.mp4,""" And I said, ""Oh, make a profit, and all these other things","""",,,,,,,,,,
异常点,-s9qJ7ATP7w$_$8,REVIEW,possible_face_switch,D:\第二十三届中国研究生数学建模竞赛 - 中文题目\中文题目\E题\工程\data\raw\extracted\E题数据\附件1-数据集原始多模态样本\MOSEI数据集部分原始视频-100条\-s9qJ7ATP7w\8.mp4,""" And I said, ""Oh, make a profit, and all these other things",,0.1,0.6,,,,,,,,
异常点,-s9qJ7ATP7w$_$8,REVIEW,possible_face_switch,D:\第二十三届中国研究生数学建模竞赛 - 中文题目\中文题目\E题\工程\data\raw\extracted\E题数据\附件1-数据集原始多模态样本\MOSEI数据集部分原始视频-100条\-s9qJ7ATP7w\8.mp4,""" And I said, ""Oh, make a profit, and all these other things",,2.733,3.2333,,,,,,,,
整段,-t217m2on-s$_$2,PASS,文本/音画/目标人物总核对,D:\第二十三届中国研究生数学建模竞赛 - 中文题目\中文题目\E题\工程\data\raw\extracted\E题数据\附件1-数据集原始多模态样本\MOSEI数据集部分原始视频-100条\-t217m2on-s\2.mp4,"But a good thing to do is yawning, chewing gum is effective.",,,,,,,,,,,
整段,-t217m2on-s$_$7,PASS,文本/音画/目标人物总核对,D:\第二十三届中国研究生数学建模竞赛 - 中文题目\中文题目\E题\工程\data\raw\extracted\E题数据\附件1-数据集原始多模态样本\MOSEI数据集部分原始视频-100条\-t217m2on-s\7.mp4,"If you find that your ears consistently do this and you can't pop them often, you'll definitely need to see a physician regarding those things, it could be something more of a nasal infection or a sinus infection that he would need to deal with.",,,,,,,,,,,
整段,-tANM6ETl_M$_$3,REVIEW,文本/音画/目标人物总核对,D:\第二十三届中国研究生数学建模竞赛 - 中文题目\中文题目\E题\工程\data\raw\extracted\E题数据\附件1-数据集原始多模态样本\MOSEI数据集部分原始视频-100条\-tANM6ETl_M\3.mp4,"The first place is either you have a prospect, or a customer who's never done it before, or they've never tried it.",,,,,,,,,,,
异常点,-tANM6ETl_M$_$3,REVIEW,low_ctc_confidence,D:\第二十三届中国研究生数学建模竞赛 - 中文题目\中文题目\E题\工程\data\raw\extracted\E题数据\附件1-数据集原始多模态样本\MOSEI数据集部分原始视频-100条\-tANM6ETl_M\3.mp4,"The first place is either you have a prospect, or a customer who's never done it before, or they've never tried it.",or,4.578,5.0782,5.1183,0.0,,,,,,
整段,-THoVjtIkeU$_$12,PASS,文本/音画/目标人物总核对,D:\第二十三届中国研究生数学建模竞赛 - 中文题目\中文题目\E题\工程\data\raw\extracted\E题数据\附件1-数据集原始多模态样本\MOSEI数据集部分原始视频-100条\-THoVjtIkeU\12.mp4,"What ever we turn our attention to is what grows and so if we believe that anything is possible, if we believe that social justice can be achieved and if we believe in youth, they will believe in themselves.",,,,,,,,,,,
整段,-THoVjtIkeU$_$2,PASS,文本/音画/目标人物总核对,D:\第二十三届中国研究生数学建模竞赛 - 中文题目\中文题目\E题\工程\data\raw\extracted\E题数据\附件1-数据集原始多模态样本\MOSEI数据集部分原始视频-100条\-THoVjtIkeU\2.mp4,I think social justice is extremely important for young people.,,,,,,,,,,,
整段,-THoVjtIkeU$_$6,REVIEW,文本/音画/目标人物总核对,D:\第二十三届中国研究生数学建模竞赛 - 中文题目\中文题目\E题\工程\data\raw\extracted\E题数据\附件1-数据集原始多模态样本\MOSEI数据集部分原始视频-100条\-THoVjtIkeU\6.mp4,"You know that I think listening to young people, taking in what they have to say because what we have seen all around the world is the power of youth.",,,,,,,,,,,
异常点,-THoVjtIkeU$_$6,REVIEW,low_ctc_confidence,D:\第二十三届中国研究生数学建模竞赛 - 中文题目\中文题目\E题\工程\data\raw\extracted\E题数据\附件1-数据集原始多模态样本\MOSEI数据集部分原始视频-100条\-THoVjtIkeU\6.mp4,"You know that I think listening to young people, taking in what they have to say because what we have seen all around the world is the power of youth.",that,0.242,0.7421,0.8224,0.0,,,,,,
异常点,-THoVjtIkeU$_$6,REVIEW,low_ctc_confidence,D:\第二十三届中国研究生数学建模竞赛 - 中文题目\中文题目\E题\工程\data\raw\extracted\E题数据\附件1-数据集原始多模态样本\MOSEI数据集部分原始视频-100条\-THoVjtIkeU\6.mp4,"You know that I think listening to young people, taking in what they have to say because what we have seen all around the world is the power of youth.",I,0.363,0.8625,0.8825,0.0,,,,,,
整段,-tPCytz4rww$_$10,PASS,文本/音画/目标人物总核对,D:\第二十三届中国研究生数学建模竞赛 - 中文题目\中文题目\E题\工程\data\raw\extracted\E题数据\附件1-数据集原始多模态样本\MOSEI数据集部分原始视频-100条\-tPCytz4rww\10.mp4,Say twenty percent so if you've got a thousand square foot condo.,,,,,,,,,,,
整段,-tPCytz4rww$_$11,PASS,文本/音画/目标人物总核对,D:\第二十三届中国研究生数学建模竞赛 - 中文题目\中文题目\E题\工程\data\raw\extracted\E题数据\附件1-数据集原始多模态样本\MOSEI数据集部分原始视频-100条\-tPCytz4rww\11.mp4,"Make sure that your using comps that are not larger, no larger than twelve hundred square feet.",,,,,,,,,,,
整段,-tPCytz4rww$_$12,REVIEW,文本/音画/目标人物总核对,D:\第二十三届中国研究生数学建模竞赛 - 中文题目\中文题目\E题\工程\data\raw\extracted\E题数据\附件1-数据集原始多模态样本\MOSEI数据集部分原始视频-100条\-tPCytz4rww\12.mp4,"No less than eight hundred squire feet and going to similar in, similar with bedrooms and bathrooms as well and hopefully the complexes have similar amenities.",,,,,,,,,,,
异常点,-tPCytz4rww$_$12,REVIEW,low_ctc_confidence,D:\第二十三届中国研究生数学建模竞赛 - 中文题目\中文题目\E题\工程\data\raw\extracted\E题数据\附件1-数据集原始多模态样本\MOSEI数据集部分原始视频-100条\-tPCytz4rww\12.mp4,"No less than eight hundred squire feet and going to similar in, similar with bedrooms and bathrooms as well and hopefully the complexes have similar amenities.",going,2.184,2.6837,2.8039,0.0597,,,,,,
异常点,-tPCytz4rww$_$12,REVIEW,low_ctc_confidence,D:\第二十三届中国研究生数学建模竞赛 - 中文题目\中文题目\E题\工程\data\raw\extracted\E题数据\附件1-数据集原始多模态样本\MOSEI数据集部分原始视频-100条\-tPCytz4rww\12.mp4,"No less than eight hundred squire feet and going to similar in, similar with bedrooms and bathrooms as well and hopefully the complexes have similar amenities.",to,2.324,2.8239,2.884,0.0016,,,,,,
整段,-tPCytz4rww$_$16,PASS,文本/音画/目标人物总核对,D:\第二十三届中国研究生数学建模竞赛 - 中文题目\中文题目\E题\工程\data\raw\extracted\E题数据\附件1-数据集原始多模态样本\MOSEI数据集部分原始视频-100条\-tPCytz4rww\16.mp4,So make sure to get a through or to do a through cleaning of the property.,,,,,,,,,,,
整段,-tPCytz4rww$_$18,PASS,文本/音画/目标人物总核对,D:\第二十三届中国研究生数学建模竞赛 - 中文题目\中文题目\E题\工程\data\raw\extracted\E题数据\附件1-数据集原始多模态样本\MOSEI数据集部分原始视频-100条\-tPCytz4rww\18.mp4,Do so and as well you'll also want to remove any clutter from that you've accumulated.,,,,,,,,,,,
整段,-UacrmKiTn4$_$10,REVIEW,文本/音画/目标人物总核对,D:\第二十三届中国研究生数学建模竞赛 - 中文题目\中文题目\E题\工程\data\raw\extracted\E题数据\附件1-数据集原始多模态样本\MOSEI数据集部分原始视频-100条\-UacrmKiTn4\10.mp4,"Because, if they are not in any way held accountable for reading the material they won't do it.",,,,,,,,,,,
异常点,-UacrmKiTn4$_$10,REVIEW,low_face_coverage,D:\第二十三届中国研究生数学建模竞赛 - 中文题目\中文题目\E题\工程\data\raw\extracted\E题数据\附件1-数据集原始多模态样本\MOSEI数据集部分原始视频-100条\-UacrmKiTn4\10.mp4,"Because, if they are not in any way held accountable for reading the material they won't do it.",,,,,,,,,,,
整段,-UacrmKiTn4$_$4,REVIEW,文本/音画/目标人物总核对,D:\第二十三届中国研究生数学建模竞赛 - 中文题目\中文题目\E题\工程\data\raw\extracted\E题数据\附件1-数据集原始多模态样本\MOSEI数据集部分原始视频-100条\-UacrmKiTn4\4.mp4,Just given to their own devices they are not going to read the textbook.,,,,,,,,,,,
异常点,-UacrmKiTn4$_$4,REVIEW,low_face_coverage,D:\第二十三届中国研究生数学建模竞赛 - 中文题目\中文题目\E题\工程\data\raw\extracted\E题数据\附件1-数据集原始多模态样本\MOSEI数据集部分原始视频-100条\-UacrmKiTn4\4.mp4,Just given to their own devices they are not going to read the textbook.,,,,,,,,,,,
整段,-UUCSKoHeMA$_$0,REVIEW,文本/音画/目标人物总核对,D:\第二十三届中国研究生数学建模竞赛 - 中文题目\中文题目\E题\工程\data\raw\extracted\E题数据\附件1-数据集原始多模态样本\MOSEI数据集部分原始视频-100条\-UUCSKoHeMA\0.mp4,"I mentioned a word in the last clip called 'monotone', and I want to talk about that briefly.",,,,,,,,,,,
异常点,-UUCSKoHeMA$_$0,REVIEW,low_face_coverage,D:\第二十三届中国研究生数学建模竞赛 - 中文题目\中文题目\E题\工程\data\raw\extracted\E题数据\附件1-数据集原始多模态样本\MOSEI数据集部分原始视频-100条\-UUCSKoHeMA\0.mp4,"I mentioned a word in the last clip called 'monotone', and I want to talk about that briefly.",,,,,,,,,,,
整段,-UuX1xuaiiE$_$0,REVIEW,文本/音画/目标人物总核对,D:\第二十三届中国研究生数学建模竞赛 - 中文题目\中文题目\E题\工程\data\raw\extracted\E题数据\附件1-数据集原始多模态样本\MOSEI数据集部分原始视频-100条\-UuX1xuaiiE\0.mp4,^it's amazing to see their enthusiasm and their passion,,,,,,,,,,,
异常点,-UuX1xuaiiE$_$0,REVIEW,low_ctc_confidence,D:\第二十三届中国研究生数学建模竞赛 - 中文题目\中文题目\E题\工程\data\raw\extracted\E题数据\附件1-数据集原始多模态样本\MOSEI数据集部分原始视频-100条\-UuX1xuaiiE\0.mp4,^it's amazing to see their enthusiasm and their passion,^it's,0.0,0.0402,0.1808,0.0,,,,,,
异常点,-UuX1xuaiiE$_$0,REVIEW,low_face_coverage,D:\第二十三届中国研究生数学建模竞赛 - 中文题目\中文题目\E题\工程\data\raw\extracted\E题数据\附件1-数据集原始多模态样本\MOSEI数据集部分原始视频-100条\-UuX1xuaiiE\0.mp4,^it's amazing to see their enthusiasm and their passion,,,,,,,,,,,
整段,-UuX1xuaiiE$_$1,REVIEW,文本/音画/目标人物总核对,D:\第二十三届中国研究生数学建模竞赛 - 中文题目\中文题目\E题\工程\data\raw\extracted\E题数据\附件1-数据集原始多模态样本\MOSEI数据集部分原始视频-100条\-UuX1xuaiiE\1.mp4,^And all of them are really being able to explore ^these different areas in depth ^in a way that really wasn't available ^before the center was here,,,,,,,,,,,
异常点,-UuX1xuaiiE$_$1,REVIEW,low_face_coverage,D:\第二十三届中国研究生数学建模竞赛 - 中文题目\中文题目\E题\工程\data\raw\extracted\E题数据\附件1-数据集原始多模态样本\MOSEI数据集部分原始视频-100条\-UuX1xuaiiE\1.mp4,^And all of them are really being able to explore ^these different areas in depth ^in a way that really wasn't available ^before the center was here,,,,,,,,,,,
整段,-UuX1xuaiiE$_$3,REVIEW,文本/音画/目标人物总核对,D:\第二十三届中国研究生数学建模竞赛 - 中文题目\中文题目\E题\工程\data\raw\extracted\E题数据\附件1-数据集原始多模态样本\MOSEI数据集部分原始视频-100条\-UuX1xuaiiE\3.mp4,My goal is to become a human rights lawyer,,,,,,,,,,,
异常点,-UuX1xuaiiE$_$3,REVIEW,possible_face_switch,D:\第二十三届中国研究生数学建模竞赛 - 中文题目\中文题目\E题\工程\data\raw\extracted\E题数据\附件1-数据集原始多模态样本\MOSEI数据集部分原始视频-100条\-UuX1xuaiiE\3.mp4,My goal is to become a human rights lawyer,,0.0,0.5,,,,,,,,
异常点,-UuX1xuaiiE$_$3,REVIEW,possible_face_switch,D:\第二十三届中国研究生数学建模竞赛 - 中文题目\中文题目\E题\工程\data\raw\extracted\E题数据\附件1-数据集原始多模态样本\MOSEI数据集部分原始视频-100条\-UuX1xuaiiE\3.mp4,My goal is to become a human rights lawyer,,3.3,3.8,,,,,,,,
整段,-UuX1xuaiiE$_$6,REVIEW,文本/音画/目标人物总核对,D:\第二十三届中国研究生数学建模竞赛 - 中文题目\中文题目\E题\工程\data\raw\extracted\E题数据\附件1-数据集原始多模态样本\MOSEI数据集部分原始视频-100条\-UuX1xuaiiE\6.mp4,"I ended up going to work for the US government as an intelligence analyst, specializing in war crimes and human rights issues",,,,,,,,,,,
异常点,-UuX1xuaiiE$_$6,REVIEW,low_ctc_confidence,D:\第二十三届中国研究生数学建模竞赛 - 中文题目\中文题目\E题\工程\data\raw\extracted\E题数据\附件1-数据集原始多模态样本\MOSEI数据集部分原始视频-100条\-UuX1xuaiiE\6.mp4,"I ended up going to work for the US government as an intelligence analyst, specializing in war crimes and human rights issues",and,5.939,6.4393,6.4995,0.0131,,,,,,
异常点,-UuX1xuaiiE$_$6,REVIEW,possible_face_switch,D:\第二十三届中国研究生数学建模竞赛 - 中文题目\中文题目\E题\工程\data\raw\extracted\E题数据\附件1-数据集原始多模态样本\MOSEI数据集部分原始视频-100条\-UuX1xuaiiE\6.mp4,"I ended up going to work for the US government as an intelligence analyst, specializing in war crimes and human rights issues",,0.0,0.2,,,,,,,,
异常点,-UuX1xuaiiE$_$6,REVIEW,possible_face_switch,D:\第二十三届中国研究生数学建模竞赛 - 中文题目\中文题目\E题\工程\data\raw\extracted\E题数据\附件1-数据集原始多模态样本\MOSEI数据集部分原始视频-100条\-UuX1xuaiiE\6.mp4,"I ended up going to work for the US government as an intelligence analyst, specializing in war crimes and human rights issues",,0.2,0.7,,,,,,,,
整段,-uywlfIYOS8$_$4,PASS,文本/音画/目标人物总核对,D:\第二十三届中国研究生数学建模竞赛 - 中文题目\中文题目\E题\工程\data\raw\extracted\E题数据\附件1-数据集原始多模态样本\MOSEI数据集部分原始视频-100条\-uywlfIYOS8\4.mp4,"And then from a brand point of view, we need to make sure we're driving the relevant insight.",,,,,,,,,,,
整段,-vxjVxOeScU$_$4,REVIEW,文本/音画/目标人物总核对,D:\第二十三届中国研究生数学建模竞赛 - 中文题目\中文题目\E题\工程\data\raw\extracted\E题数据\附件1-数据集原始多模态样本\MOSEI数据集部分原始视频-100条\-vxjVxOeScU\4.mp4,"You're going to talk about their life, their marriage and usually how amazing it is that they've stayed together this long.",,,,,,,,,,,
异常点,-vxjVxOeScU$_$4,REVIEW,low_ctc_confidence,D:\第二十三届中国研究生数学建模竞赛 - 中文题目\中文题目\E题\工程\data\raw\extracted\E题数据\附件1-数据集原始多模态样本\MOSEI数据集部分原始视频-100条\-vxjVxOeScU\4.mp4,"You're going to talk about their life, their marriage and usually how amazing it is that they've stayed together this long.",You're,0.0,0.0,0.1202,0.0157,,,,,,
异常点,-vxjVxOeScU$_$4,REVIEW,low_ctc_confidence,D:\第二十三届中国研究生数学建模竞赛 - 中文题目\中文题目\E题\工程\data\raw\extracted\E题数据\附件1-数据集原始多模态样本\MOSEI数据集部分原始视频-100条\-vxjVxOeScU\4.mp4,"You're going to talk about their life, their marriage and usually how amazing it is that they've stayed together this long.",going,0.081,0.5811,0.7013,0.0743,,,,,,
整段,-wMB_hJL-3o$_$7,PASS,文本/音画/目标人物总核对,D:\第二十三届中国研究生数学建模竞赛 - 中文题目\中文题目\E题\工程\data\raw\extracted\E题数据\附件1-数据集原始多模态样本\MOSEI数据集部分原始视频-100条\-wMB_hJL-3o\7.mp4,So if you have a loved one who is depressed those are some of the things that you should think about doing.,,,,,,,,,,,
整段,-wny0OAz3g8$_$0,PASS,文本/音画/目标人物总核对,D:\第二十三届中国研究生数学建模竞赛 - 中文题目\中文题目\E题\工程\data\raw\extracted\E题数据\附件1-数据集原始多模态样本\MOSEI数据集部分原始视频-100条\-wny0OAz3g8\0.mp4,trade labor unions didn’t allow Black workers to join,,,,,,,,,,,
整段,-wny0OAz3g8$_$1,REVIEW,文本/音画/目标人物总核对,D:\第二十三届中国研究生数学建模竞赛 - 中文题目\中文题目\E题\工程\data\raw\extracted\E题数据\附件1-数据集原始多模态样本\MOSEI数据集部分原始视频-100条\-wny0OAz3g8\1.mp4,"And because they couldn’t join unions, many Black workers couldn’t get manufacturing or trade work – which paid much better than service work",,,,,,,,,,,
异常点,-wny0OAz3g8$_$1,REVIEW,unsupported_ctc_text,D:\第二十三届中国研究生数学建模竞赛 - 中文题目\中文题目\E题\工程\data\raw\extracted\E题数据\附件1-数据集原始多模态样本\MOSEI数据集部分原始视频-100条\-wny0OAz3g8\1.mp4,"And because they couldn’t join unions, many Black workers couldn’t get manufacturing or trade work – which paid much better than service work",–,,,,,,,,,,
异常点,-wny0OAz3g8$_$1,REVIEW,low_face_coverage,D:\第二十三届中国研究生数学建模竞赛 - 中文题目\中文题目\E题\工程\data\raw\extracted\E题数据\附件1-数据集原始多模态样本\MOSEI数据集部分原始视频-100条\-wny0OAz3g8\1.mp4,"And because they couldn’t join unions, many Black workers couldn’t get manufacturing or trade work – which paid much better than service work",,,,,,,,,,,
异常点,-wny0OAz3g8$_$1,REVIEW,possible_face_switch,D:\第二十三届中国研究生数学建模竞赛 - 中文题目\中文题目\E题\工程\data\raw\extracted\E题数据\附件1-数据集原始多模态样本\MOSEI数据集部分原始视频-100条\-wny0OAz3g8\1.mp4,"And because they couldn’t join unions, many Black workers couldn’t get manufacturing or trade work – which paid much better than service work",,4.0,4.5,,,,,,,,
整段,-wny0OAz3g8$_$2,PASS,文本/音画/目标人物总核对,D:\第二十三届中国研究生数学建模竞赛 - 中文题目\中文题目\E题\工程\data\raw\extracted\E题数据\附件1-数据集原始多模态样本\MOSEI数据集部分原始视频-100条\-wny0OAz3g8\2.mp4,"And because they couldn’t get these jobs, Black communities had more men out of work, higher rates of poverty, and more criminal behavior",,,,,,,,,,,
整段,-wny0OAz3g8$_$3,REVIEW,文本/音画/目标人物总核对,D:\第二十三届中国研究生数学建模竞赛 - 中文题目\中文题目\E题\工程\data\raw\extracted\E题数据\附件1-数据集原始多模态样本\MOSEI数据集部分原始视频-100条\-wny0OAz3g8\3.mp4,Which then allowed the white workers and unions to justify their decision to not allow black workers into their union,,,,,,,,,,,
异常点,-wny0OAz3g8$_$3,REVIEW,possible_face_switch,D:\第二十三届中国研究生数学建模竞赛 - 中文题目\中文题目\E题\工程\data\raw\extracted\E题数据\附件1-数据集原始多模态样本\MOSEI数据集部分原始视频-100条\-wny0OAz3g8\3.mp4,Which then allowed the white workers and unions to justify their decision to not allow black workers into their union,,2.0,2.5,,,,,,,,
异常点,-wny0OAz3g8$_$3,REVIEW,possible_face_switch,D:\第二十三届中国研究生数学建模竞赛 - 中文题目\中文题目\E题\工程\data\raw\extracted\E题数据\附件1-数据集原始多模态样本\MOSEI数据集部分原始视频-100条\-wny0OAz3g8\3.mp4,Which then allowed the white workers and unions to justify their decision to not allow black workers into their union,,5.1,5.6,,,,,,,,
整段,-wny0OAz3g8$_$5,REVIEW,文本/音画/目标人物总核对,D:\第二十三届中国研究生数学建模竞赛 - 中文题目\中文题目\E题\工程\data\raw\extracted\E题数据\附件1-数据集原始多模态样本\MOSEI数据集部分原始视频-100条\-wny0OAz3g8\5.mp4,"This is what’s now known as racial formation theory, a theory formalized by modern sociologists Michael Omi and Howard Winant",,,,,,,,,,,
异常点,-wny0OAz3g8$_$5,REVIEW,low_face_coverage,D:\第二十三届中国研究生数学建模竞赛 - 中文题目\中文题目\E题\工程\data\raw\extracted\E题数据\附件1-数据集原始多模态样本\MOSEI数据集部分原始视频-100条\-wny0OAz3g8\5.mp4,"This is what’s now known as racial formation theory, a theory formalized by modern sociologists Michael Omi and Howard Winant",,,,,,,,,,,
异常点,-wny0OAz3g8$_$5,REVIEW,possible_face_switch,D:\第二十三届中国研究生数学建模竞赛 - 中文题目\中文题目\E题\工程\data\raw\extracted\E题数据\附件1-数据集原始多模态样本\MOSEI数据集部分原始视频-100条\-wny0OAz3g8\5.mp4,"This is what’s now known as racial formation theory, a theory formalized by modern sociologists Michael Omi and Howard Winant",,5.5,6.0,,,,,,,,
整段,-wny0OAz3g8$_$7,REVIEW,文本/音画/目标人物总核对,D:\第二十三届中国研究生数学建模竞赛 - 中文题目\中文题目\E题\工程\data\raw\extracted\E题数据\附件1-数据集原始多模态样本\MOSEI数据集部分原始视频-100条\-wny0OAz3g8\7.mp4,Omi and Winant argue that the concept of race came about as a tool to justify and maintain the economic and political power held by those of European descent,,,,,,,,,,,
异常点,-wny0OAz3g8$_$7,REVIEW,possible_face_switch,D:\第二十三届中国研究生数学建模竞赛 - 中文题目\中文题目\E题\工程\data\raw\extracted\E题数据\附件1-数据集原始多模态样本\MOSEI数据集部分原始视频-100条\-wny0OAz3g8\7.mp4,Omi and Winant argue that the concept of race came about as a tool to justify and maintain the economic and political power held by those of European descent,,0.4,0.9,,,,,,,,
整段,-wny0OAz3g8$_$9,REVIEW,文本/音画/目标人物总核对,D:\第二十三届中国研究生数学建模竞赛 - 中文题目\中文题目\E题\工程\data\raw\extracted\E题数据\附件1-数据集原始多模态样本\MOSEI数据集部分原始视频-100条\-wny0OAz3g8\9.mp4,"He explores why Black and White Americans tend to have such different outcomes in terms of income, education, and more",,,,,,,,,,,
异常点,-wny0OAz3g8$_$9,REVIEW,low_ctc_confidence,D:\第二十三届中国研究生数学建模竞赛 - 中文题目\中文题目\E题\工程\data\raw\extracted\E题数据\附件1-数据集原始多模态样本\MOSEI数据集部分原始视频-100条\-wny0OAz3g8\9.mp4,"He explores why Black and White Americans tend to have such different outcomes in terms of income, education, and more",He,0.0,0.0803,0.3815,0.001,,,,,,
异常点,-wny0OAz3g8$_$9,REVIEW,possible_face_switch,D:\第二十三届中国研究生数学建模竞赛 - 中文题目\中文题目\E题\工程\data\raw\extracted\E题数据\附件1-数据集原始多模态样本\MOSEI数据集部分原始视频-100条\-wny0OAz3g8\9.mp4,"He explores why Black and White Americans tend to have such different outcomes in terms of income, education, and more",,0.0,0.5,,,,,,,,
异常点,-wny0OAz3g8$_$9,REVIEW,possible_face_switch,D:\第二十三届中国研究生数学建模竞赛 - 中文题目\中文题目\E题\工程\data\raw\extracted\E题数据\附件1-数据集原始多模态样本\MOSEI数据集部分原始视频-100条\-wny0OAz3g8\9.mp4,"He explores why Black and White Americans tend to have such different outcomes in terms of income, education, and more",,5.3,5.8,,,,,,,,
整段,-yRb-Jum7EQ$_$1,REVIEW,文本/音画/目标人物总核对,D:\第二十三届中国研究生数学建模竞赛 - 中文题目\中文题目\E题\工程\data\raw\extracted\E题数据\附件1-数据集原始多模态样本\MOSEI数据集部分原始视频-100条\-yRb-Jum7EQ\1.mp4,"it comes with the assistance and agitation of states and regimes, Yesterday Iran announced that it will finance the families of the terrorists and murderers this shows that Iran, even after the nuclear agreement, is continuing to aid terrorism, including Palestinian terrorism, Hezbollah terrorism and its assistance to Hamas.",,,,,,,,,,,
异常点,-yRb-Jum7EQ$_$1,REVIEW,low_ctc_confidence,D:\第二十三届中国研究生数学建模竞赛 - 中文题目\中文题目\E题\工程\data\raw\extracted\E题数据\附件1-数据集原始多模态样本\MOSEI数据集部分原始视频-100条\-yRb-Jum7EQ\1.mp4,"it comes with the assistance and agitation of states and regimes, Yesterday Iran announced that it will finance the families of the terrorists and murderers this shows that Iran, even after the nuclear agreement, is continuing to aid terrorism, including Palestinian terrorism, Hezbollah terrorism and its assistance to Hamas.",and,6.462,6.9623,7.0824,0.0047,,,,,,
异常点,-yRb-Jum7EQ$_$1,REVIEW,low_ctc_confidence,D:\第二十三届中国研究生数学建模竞赛 - 中文题目\中文题目\E题\工程\data\raw\extracted\E题数据\附件1-数据集原始多模态样本\MOSEI数据集部分原始视频-100条\-yRb-Jum7EQ\1.mp4,"it comes with the assistance and agitation of states and regimes, Yesterday Iran announced that it will finance the families of the terrorists and murderers this shows that Iran, even after the nuclear agreement, is continuing to aid terrorism, including Palestinian terrorism, Hezbollah terrorism and its assistance to Hamas.",and,7.903,8.4028,8.5429,0.0049,,,,,,
异常点,-yRb-Jum7EQ$_$1,REVIEW,low_ctc_confidence,D:\第二十三届中国研究生数学建模竞赛 - 中文题目\中文题目\E题\工程\data\raw\extracted\E题数据\附件1-数据集原始多模态样本\MOSEI数据集部分原始视频-100条\-yRb-Jum7EQ\1.mp4,"it comes with the assistance and agitation of states and regimes, Yesterday Iran announced that it will finance the families of the terrorists and murderers this shows that Iran, even after the nuclear agreement, is continuing to aid terrorism, including Palestinian terrorism, Hezbollah terrorism and its assistance to Hamas.",shows,17.086,17.5859,17.6859,0.007,,,,,,
异常点,-yRb-Jum7EQ$_$1,REVIEW,low_ctc_confidence,D:\第二十三届中国研究生数学建模竞赛 - 中文题目\中文题目\E题\工程\data\raw\extracted\E题数据\附件1-数据集原始多模态样本\MOSEI数据集部分原始视频-100条\-yRb-Jum7EQ\1.mp4,"it comes with the assistance and agitation of states and regimes, Yesterday Iran announced that it will finance the families of the terrorists and murderers this shows that Iran, even after the nuclear agreement, is continuing to aid terrorism, including Palestinian terrorism, Hezbollah terrorism and its assistance to Hamas.",the,18.586,19.0864,19.1464,0.0023,,,,,,
异常点,-yRb-Jum7EQ$_$1,REVIEW,low_ctc_confidence,D:\第二十三届中国研究生数学建模竞赛 - 中文题目\中文题目\E题\工程\data\raw\extracted\E题数据\附件1-数据集原始多模态样本\MOSEI数据集部分原始视频-100条\-yRb-Jum7EQ\1.mp4,"it comes with the assistance and agitation of states and regimes, Yesterday Iran announced that it will finance the families of the terrorists and murderers this shows that Iran, even after the nuclear agreement, is continuing to aid terrorism, including Palestinian terrorism, Hezbollah terrorism and its assistance to Hamas.",nuclear,18.686,19.1864,19.3265,0.0768,,,,,,
异常点,-yRb-Jum7EQ$_$1,REVIEW,low_ctc_confidence,D:\第二十三届中国研究生数学建模竞赛 - 中文题目\中文题目\E题\工程\data\raw\extracted\E题数据\附件1-数据集原始多模态样本\MOSEI数据集部分原始视频-100条\-yRb-Jum7EQ\1.mp4,"it comes with the assistance and agitation of states and regimes, Yesterday Iran announced that it will finance the families of the terrorists and murderers this shows that Iran, even after the nuclear agreement, is continuing to aid terrorism, including Palestinian terrorism, Hezbollah terrorism and its assistance to Hamas.",including,22.568,23.0677,24.008,0.0298,,,,,,
异常点,-yRb-Jum7EQ$_$1,REVIEW,low_ctc_confidence,D:\第二十三届中国研究生数学建模竞赛 - 中文题目\中文题目\E题\工程\data\raw\extracted\E题数据\附件1-数据集原始多模态样本\MOSEI数据集部分原始视频-100条\-yRb-Jum7EQ\1.mp4,"it comes with the assistance and agitation of states and regimes, Yesterday Iran announced that it will finance the families of the terrorists and murderers this shows that Iran, even after the nuclear agreement, is continuing to aid terrorism, including Palestinian terrorism, Hezbollah terrorism and its assistance to Hamas.",its,27.109,27.6092,27.7093,0.0385,,,,,,
异常点,-yRb-Jum7EQ$_$1,REVIEW,low_ctc_confidence,D:\第二十三届中国研究生数学建模竞赛 - 中文题目\中文题目\E题\工程\data\raw\extracted\E题数据\附件1-数据集原始多模态样本\MOSEI数据集部分原始视频-100条\-yRb-Jum7EQ\1.mp4,"it comes with the assistance and agitation of states and regimes, Yesterday Iran announced that it will finance the families of the terrorists and murderers this shows that Iran, even after the nuclear agreement, is continuing to aid terrorism, including Palestinian terrorism, Hezbollah terrorism and its assistance to Hamas.",to,27.709,28.2094,28.2895,0.004,,,,,,
异常点,-yRb-Jum7EQ$_$1,REVIEW,possible_face_switch,D:\第二十三届中国研究生数学建模竞赛 - 中文题目\中文题目\E题\工程\data\raw\extracted\E题数据\附件1-数据集原始多模态样本\MOSEI数据集部分原始视频-100条\-yRb-Jum7EQ\1.mp4,"it comes with the assistance and agitation of states and regimes, Yesterday Iran announced that it will finance the families of the terrorists and murderers this shows that Iran, even after the nuclear agreement, is continuing to aid terrorism, including Palestinian terrorism, Hezbollah terrorism and its assistance to Hamas.",,6.1,6.6,,,,,,,,
整段,-yRb-Jum7EQ$_$5,REVIEW,文本/音画/目标人物总核对,D:\第二十三届中国研究生数学建模竞赛 - 中文题目\中文题目\E题\工程\data\raw\extracted\E题数据\附件1-数据集原始多模态样本\MOSEI数据集部分原始视频-100条\-yRb-Jum7EQ\5.mp4,"Yesterday Eliav Gelman lost his life in another terrorist attack, not by the students of terrorism, but by those who teach terrorism, a Palestinian teacher.",,,,,,,,,,,
异常点,-yRb-Jum7EQ$_$5,REVIEW,low_ctc_confidence,D:\第二十三届中国研究生数学建模竞赛 - 中文题目\中文题目\E题\工程\data\raw\extracted\E题数据\附件1-数据集原始多模态样本\MOSEI数据集部分原始视频-100条\-yRb-Jum7EQ\5.mp4,"Yesterday Eliav Gelman lost his life in another terrorist attack, not by the students of terrorism, but by those who teach terrorism, a Palestinian teacher.",Yesterday,0.0,0.1202,0.4809,0.0815,,,,,,
异常点,-yRb-Jum7EQ$_$5,REVIEW,low_ctc_confidence,D:\第二十三届中国研究生数学建模竞赛 - 中文题目\中文题目\E题\工程\data\raw\extracted\E题数据\附件1-数据集原始多模态样本\MOSEI数据集部分原始视频-100条\-yRb-Jum7EQ\5.mp4,"Yesterday Eliav Gelman lost his life in another terrorist attack, not by the students of terrorism, but by those who teach terrorism, a Palestinian teacher.",lost,0.983,1.4828,1.7433,0.018,,,,,,
异常点,-yRb-Jum7EQ$_$5,REVIEW,low_ctc_confidence,D:\第二十三届中国研究生数学建模竞赛 - 中文题目\中文题目\E题\工程\data\raw\extracted\E题数据\附件1-数据集原始多模态样本\MOSEI数据集部分原始视频-100条\-yRb-Jum7EQ\5.mp4,"Yesterday Eliav Gelman lost his life in another terrorist attack, not by the students of terrorism, but by those who teach terrorism, a Palestinian teacher.",terrorist,4.349,4.8491,5.31,0.0991,,,,,,
异常点,-yRb-Jum7EQ$_$5,REVIEW,low_ctc_confidence,D:\第二十三届中国研究生数学建模竞赛 - 中文题目\中文题目\E题\工程\data\raw\extracted\E题数据\附件1-数据集原始多模态样本\MOSEI数据集部分原始视频-100条\-yRb-Jum7EQ\5.mp4,"Yesterday Eliav Gelman lost his life in another terrorist attack, not by the students of terrorism, but by those who teach terrorism, a Palestinian teacher.",by,6.133,6.6325,6.7327,0.0056,,,,,,
异常点,-yRb-Jum7EQ$_$5,REVIEW,low_ctc_confidence,D:\第二十三届中国研究生数学建模竞赛 - 中文题目\中文题目\E题\工程\data\raw\extracted\E题数据\附件1-数据集原始多模态样本\MOSEI数据集部分原始视频-100条\-yRb-Jum7EQ\5.mp4,"Yesterday Eliav Gelman lost his life in another terrorist attack, not by the students of terrorism, but by those who teach terrorism, a Palestinian teacher.",the,6.934,7.434,7.5342,0.0539,,,,,,
异常点,-yRb-Jum7EQ$_$5,REVIEW,low_ctc_confidence,D:\第二十三届中国研究生数学建模竞赛 - 中文题目\中文题目\E题\工程\data\raw\extracted\E题数据\附件1-数据集原始多模态样本\MOSEI数据集部分原始视频-100条\-yRb-Jum7EQ\5.mp4,"Yesterday Eliav Gelman lost his life in another terrorist attack, not by the students of terrorism, but by those who teach terrorism, a Palestinian teacher.",students,7.094,7.5943,8.1554,0.0484,,,,,,
异常点,-yRb-Jum7EQ$_$5,REVIEW,low_ctc_confidence,D:\第二十三届中国研究生数学建模竞赛 - 中文题目\中文题目\E题\工程\data\raw\extracted\E题数据\附件1-数据集原始多模态样本\MOSEI数据集部分原始视频-100条\-yRb-Jum7EQ\5.mp4,"Yesterday Eliav Gelman lost his life in another terrorist attack, not by the students of terrorism, but by those who teach terrorism, a Palestinian teacher.",of,7.695,8.1954,8.2956,0.0009,,,,,,
异常点,-yRb-Jum7EQ$_$5,REVIEW,low_ctc_confidence,D:\第二十三届中国研究生数学建模竞赛 - 中文题目\中文题目\E题\工程\data\raw\extracted\E题数据\附件1-数据集原始多模态样本\MOSEI数据集部分原始视频-100条\-yRb-Jum7EQ\5.mp4,"Yesterday Eliav Gelman lost his life in another terrorist attack, not by the students of terrorism, but by those who teach terrorism, a Palestinian teacher.",by,8.717,9.2174,9.2975,0.0102,,,,,,
异常点,-yRb-Jum7EQ$_$5,REVIEW,low_ctc_confidence,D:\第二十三届中国研究生数学建模竞赛 - 中文题目\中文题目\E题\工程\data\raw\extracted\E题数据\附件1-数据集原始多模态样本\MOSEI数据集部分原始视频-100条\-yRb-Jum7EQ\5.mp4,"Yesterday Eliav Gelman lost his life in another terrorist attack, not by the students of terrorism, but by those who teach terrorism, a Palestinian teacher.",who,9.338,9.8385,9.8986,0.0022,,,,,,
异常点,-yRb-Jum7EQ$_$5,REVIEW,low_ctc_confidence,D:\第二十三届中国研究生数学建模竞赛 - 中文题目\中文题目\E题\工程\data\raw\extracted\E题数据\附件1-数据集原始多模态样本\MOSEI数据集部分原始视频-100条\-yRb-Jum7EQ\5.mp4,"Yesterday Eliav Gelman lost his life in another terrorist attack, not by the students of terrorism, but by those who teach terrorism, a Palestinian teacher.",a,10.641,11.141,11.161,0.0229,,,,,,
整段,-yRb-Jum7EQ$_$6,REVIEW,文本/音画/目标人物总核对,D:\第二十三届中国研究生数学建模竞赛 - 中文题目\中文题目\E题\工程\data\raw\extracted\E题数据\附件1-数据集原始多模态样本\MOSEI数据集部分原始视频-100条\-yRb-Jum7EQ\6.mp4,"Therefore, the world needs to stand with Israel against this incitement, which is the number one cause of terrorism.",,,,,,,,,,,
异常点,-yRb-Jum7EQ$_$6,REVIEW,low_ctc_confidence,D:\第二十三届中国研究生数学建模竞赛 - 中文题目\中文题目\E题\工程\data\raw\extracted\E题数据\附件1-数据集原始多模态样本\MOSEI数据集部分原始视频-100条\-yRb-Jum7EQ\6.mp4,"Therefore, the world needs to stand with Israel against this incitement, which is the number one cause of terrorism.",the,0.242,0.7415,0.8216,0.0127,,,,,,
异常点,-yRb-Jum7EQ$_$6,REVIEW,low_ctc_confidence,D:\第二十三届中国研究生数学建模竞赛 - 中文题目\中文题目\E题\工程\data\raw\extracted\E题数据\附件1-数据集原始多模态样本\MOSEI数据集部分原始视频-100条\-yRb-Jum7EQ\6.mp4,"Therefore, the world needs to stand with Israel against this incitement, which is the number one cause of terrorism.",needs,0.542,1.0421,1.1623,0.0026,,,,,,
异常点,-yRb-Jum7EQ$_$6,REVIEW,low_ctc_confidence,D:\第二十三届中国研究生数学建模竞赛 - 中文题目\中文题目\E题\工程\data\raw\extracted\E题数据\附件1-数据集原始多模态样本\MOSEI数据集部分原始视频-100条\-yRb-Jum7EQ\6.mp4,"Therefore, the world needs to stand with Israel against this incitement, which is the number one cause of terrorism.",with,1.284,1.7836,2.004,0.0051,,,,,,
异常点,-yRb-Jum7EQ$_$6,REVIEW,low_ctc_confidence,D:\第二十三届中国研究生数学建模竞赛 - 中文题目\中文题目\E题\工程\data\raw\extracted\E题数据\附件1-数据集原始多模态样本\MOSEI数据集部分原始视频-100条\-yRb-Jum7EQ\6.mp4,"Therefore, the world needs to stand with Israel against this incitement, which is the number one cause of terrorism.",is,6.614,7.1143,7.1944,0.0035,,,,,,
异常点,-yRb-Jum7EQ$_$6,REVIEW,low_ctc_confidence,D:\第二十三届中国研究生数学建模竞赛 - 中文题目\中文题目\E题\工程\data\raw\extracted\E题数据\附件1-数据集原始多模态样本\MOSEI数据集部分原始视频-100条\-yRb-Jum7EQ\6.mp4,"Therefore, the world needs to stand with Israel against this incitement, which is the number one cause of terrorism.",of,9.961,10.461,10.5011,0.0718,,,,,,
异常点,-yRb-Jum7EQ$_$6,REVIEW,low_ctc_confidence,D:\第二十三届中国研究生数学建模竞赛 - 中文题目\中文题目\E题\工程\data\raw\extracted\E题数据\附件1-数据集原始多模态样本\MOSEI数据集部分原始视频-100条\-yRb-Jum7EQ\6.mp4,"Therefore, the world needs to stand with Israel against this incitement, which is the number one cause of terrorism.",terrorism.,10.021,10.5211,11.0021,0.0205,,,,,,
